Year,Team,PlayerID,Player,Position,Experience,AV
2010,cle,AdamMi21,Mike Adams,DB,6,2
2010,cle,AikeSa00,Sam Aiken,WR,7,0
2010,cle,AlexEr20,Eric Alexander,LB,6,0
2010,cle,BartEr20,Eric Barton,LILB,11,6
2010,cle,BellMi00,Mike Bell,RB,4,1
2010,cle,BenaMa00,Marcus Benard,LB,1,2
2010,cle,BoweDa20,David Bowens,DE,11,4
2010,cle,BrowSh20,Sheldon Brown,RCB,8,6
2010,cle,BrowTi20,Titus Brown,DE,2,1
2010,cle,ClayTh00,Thomas Clayton,RB,Rook,0
2010,cle,ColeKe20,Kenyon Coleman,LDE,8,8
2010,cle,CostBl20,Blake Costanzo,LB,3,1
2010,cle,CribJo01,Josh Cribbs,WR,5,2
2010,cle,DaviJa03,James Davis,RB,1,0
2010,cle,dawsophi01,Phil Dawson,K,11,3
2010,cle,DelhJa00,Jake Delhomme,QB,11,2
2010,cle,ElamAb20,Abram Elam,FS,4,7
2010,cle,FiguYa00,Yamon Figurs,WR,3,0
2010,cle,FranCo99,Coye Francies,DB,1,0
2010,cle,FujiSc20,Scott Fujita,ROLB,8,4
2010,cle,GocoCh99,Chris Gocong,RILB,3,7
2010,cle,HadeJo99,Joe Haden,LCB,Rook,5
2010,cle,HarrJe00,Jerome Harrison,RB,4,1
2010,cle,HillPe00,Peyton Hillis,RB,2,10
2010,cle,HodgRe20,Reggie Hodges,P,5,3
2010,cle,IveyTr00,Travis Ivey,DT,Rook,0
2010,cle,KingEr20,Eric King,DB,5,0
2010,cle,LauvSh20,Shawn Lauvao,G,Rook,1
2010,cle,MackAl20,Alex Mack,C,1,8
2010,cle,MaiaKa99,Kaluka Maiava,LB,1,0
2010,cle,MassMo00,Mohamed Massaquoi,WR,1,3
2010,cle,McCoCo00,Colt McCoy,QB,Rook,4
2010,cle,MitcCa00,Carlton Mitchell,WR,Rook,0
2010,cle,MoorEv00,Evan Moore,WR,1,2
2010,cle,OctaSt00,Steve Octavien,LB,2,0
2010,cle,PashTo20,Tony Pashos,T,6,1
2010,cle,PiscSa99,Sabby Piscitelli,S,3,1
2010,cle,PontRy20,Ryan Pontbriand,LS,7,2
2010,cle,RobeDe00,Derrick Roberson,DB,1,0
2010,cle,RobiDe21,Derreck Robinson,DE,5,1
2010,cle,RobiBr00,Brian Robiskie,WR,1,2
2010,cle,RogeSh99,Shaun Rogers,DT,9,2
2010,cle,RothMa20,Matt Roth,LOLB,5,7
2010,cle,RoyaRo00,Robert Royal,TE,7,0
2010,cle,RubiAh99,Ahtyba Rubin,NT,2,8
2010,cle,SchaBr00,Brian Schaefering,RDE,1,5
2010,cle,SmitAl02,Alex Smith,TE,5,0
2010,cle,SmitCl22,Clifton Smith,RB,2,0
2010,cle,SmitRo21,Robaire Smith,LDE,10,2
2010,cle,SoreNi20,Nick Sorensen,DB,9,1
2010,cle,St.CJo20,John St. Clair,RT,8,4
2010,cle,SteiEr20,Eric Steinbach,LG,7,6
2010,cle,StucCh20,Chansi Stuckey,WR,2,3
2010,cle,ThomJo28,Joe Thomas,LT,3,12
2010,cle,TrusJa99,Jason Trusnik,ROLB,3,3
2010,cle,VallSt00,Steve Vallos,G,2,0
2010,cle,VentRa20,Raymond Ventrone,DB,3,1
2010,cle,VickLa00,Lawrence Vickers,FB,4,0
2010,cle,WallSe00,Seneca Wallace,QB,5,2
2010,cle,WardT.99,T.J. Ward,SS,Rook,6
2010,cle,WatsBe00,Ben Watson,TE,6,5
2010,cle,WillDe03,Demetrius Williams,WR,4,0
2010,cle,WomaFl20,Floyd Womack,RG,9,6
2010,cle,WrigEr99,Eric Wright,LCB,3,4
2010,cle,YateBi20,Billy Yates,G,7,2
2010,rav,AyanBr99,Brendon Ayanbadejo,LB,7,1
2010,rav,BirkMa00,Matt Birk,C,12,8
2010,rav,BoldAn00,Anquan Boldin,WR,7,8
2010,rav,BurgPr99,Prescott Burgess,LB,3,1
2010,rav,CarrCh22,Chris Carr,LCB,5,6
2010,rav,ChesCh21,Chris Chester,RG,4,7
2010,rav,CodyTe99,Terrence Cody,DT,Rook,1
2010,rav,CousOn00,Oniel Cousins,T,2,2
2010,rav,CoxxMo00,Morgan Cox,LS,Rook,1
2010,rav,cundibil01,Billy Cundiff,K,8,4
2010,rav,DickEd00,Ed Dickson,TE,Rook,1
2010,rav,DiveLa20,Lamar Divens,DT,2,0
2010,rav,ElleDa99,Dannell Ellerbe,LB,1,2
2010,rav,FlacJo00,Joe Flacco,QB,2,12
2010,rav,GoodTa99,Tavares Gooden,LB,2,1
2010,rav,GregKe20,Kelly Gregg,NT,11,8
2010,rav,GrubBe20,Ben Grubbs,LG,3,8
2010,rav,HamlKe20,Ken Hamlin,DB,7,1
2010,rav,HeapTo00,Todd Heap,TE,9,6
2010,rav,HousKe01,Kevin Houser,LS,10,0
2010,rav,HousTJ00,T.J. Houshmandzadeh,WR,9,4
2010,rav,JohnJa23,Jarret Johnson,ROLB,7,8
2010,rav,JoneAr22,Arthur Jones,DE,Rook,0
2010,rav,JoneEd22,Edgar Jones,DE,3,0
2010,rav,KochSa20,Sam Koch,P,4,2
2010,rav,KrugPa99,Paul Kruger,DE,1,1
2010,rav,LandDa21,Dawan Landry,SS,4,6
2010,rav,LewiRa00,Ray Lewis,RILB,14,16
2010,rav,MasoDe00,Derrick Mason,WR,13,7
2010,rav,MattBr20,Bryan Mattison,G,Rook,0
2010,rav,McClJa01,Jameel McClain,LILB,2,8
2010,rav,McClLe00,Le'Ron McClain,FB,3,2
2010,rav,McGaWi00,Willis McGahee,RB,6,3
2010,rav,McKiBr20,Brandon McKinney,DT,4,2
2010,rav,MollTo20,Tony Moll,T,4,3
2010,rav,NakaHa99,Haruki Nakamura,DB,2,1
2010,rav,NgatHa20,Haloti Ngata,LDE,4,17
2010,rav,OherMi20,Michael Oher,LT,1,8
2010,rav,ParmJa00,Jalen Parmele,RB,2,0
2010,rav,PhilJa99,Jason Phillips,LB,1,1
2010,rav,PittDe00,Dennis Pitta,TE,Rook,0
2010,rav,PrycTr00,Trevor Pryce,DE,13,0
2010,rav,ReddCo20,Cory Redding,RDE,7,7
2010,rav,ReedDa00,David Reed,WR,Rook,1
2010,rav,ReedEd00,Ed Reed,FS,8,11
2010,rav,RiceRa00,Ray Rice,RB,2,13
2010,rav,SmitMa01,Marcus Smith,WR,2,0
2010,rav,StalDo00,Donte' Stallworth,WR,8,1
2010,rav,SuggTe99,Terrell Suggs,LOLB,7,11
2010,rav,WashFa20,Fabian Washington,RCB,5,3
2010,rav,WebbLa99,Lardarius Webb,DB,1,2
2010,rav,WillCa99,Cary Williams,DB,2,1
2010,rav,WilsJo99,Josh Wilson,RCB,3,4
2010,rav,YandMa20,Marshal Yanda,RT,3,8
2010,rav,ZbikTo99,Tom Zbikowski,FS,2,2
2010,cin,AtkiGe99,Geno Atkins,DT,Rook,2
2010,cin,BennFr99,Fred Bennett,DB,3,0
2010,cin,BensCe00,Cedric Benson,RB,5,7
2010,cin,CaldAn00,Andre Caldwell,WR,2,3
2010,cin,CoatDa00,Daniel Coats,TE,3,0
2010,cin,CoffCh00,Chase Coffman,TE,1,0
2010,cin,CollAn21,Anthony Collins,T,2,2
2010,cin,CookKy20,Kyle Cook,C,2,8
2010,cin,CosbQu00,Quan Cosby,WR,1,0
2010,cin,CrocCh20,Chris Crocker,FS,7,3
2010,cin,DunlCa99,Carlos Dunlap,DE,Rook,2
2010,cin,FaneJo20,Jonathan Fanene,DE,5,0
2010,cin,FoscJo00,J.P. Foschi,TE,5,0
2010,cin,GeatRo21,Robert Geathers,LDE,6,7
2010,cin,GheeBr99,Brandon Ghee,DB,Rook,0
2010,cin,GresJe00,Jermaine Gresham,TE,Rook,4
2010,cin,HallLe98,Leon Hall,RCB,3,7
2010,cin,HarrCl20,Clark Harris,TE,2,1
2010,cin,HubeKe20,Kevin Huber,P,1,1
2010,cin,JohnBr20,Brandon Johnson,LB,4,3
2010,cin,JohnCh01,Chad Johnson,WR,9,7
2010,cin,JohnMi98,Michael Johnson,RDE,1,6
2010,cin,JohnTa20,Tank Johnson,RDT,6,3
2010,cin,JonePa20,Adam Jones,DB,5,2
2010,cin,JoneDh20,Dhani Jones,MLB,9,8
2010,cin,JoseJo20,Johnathan Joseph,LCB,4,5
2010,cin,KellRe00,Reggie Kelly,TE,11,0
2010,cin,LeonBr00,Brian Leonard,RB,3,1
2010,cin,LiviNa20,Nate Livings,LG,2,8
2010,cin,MathEv20,Evan Mathis,G,5,1
2010,cin,MauaRe99,Rey Maualuga,LLB,1,7
2010,cin,McDoCl99,Clinton McDonald,DT,1,1
2010,cin,MileJe00,Jeromy Miles,DB,1,0
2010,cin,MuckRo99,Roddrick Muckelroy,LB,Rook,1
2010,cin,MurrRi00,Rico Murray,DB,1,0
2010,cin,NdukCh99,Nedu Ndukwe,FS,3,3
2010,cin,NelsRe99,Reggie Nelson,SS,3,3
2010,cin,NelsTo00,Tom Nelson,DB,1,0
2010,cin,nugenmik01,Mike Nugent,K,5,2
2010,cin,OdomAn20,Antwan Odom,DE,6,1
2010,cin,OwenTe00,Terrell Owens,WR,14,8
2010,cin,PalmCa00,Carson Palmer,QB,6,11
2010,cin,PalmJo20,Jordan Palmer,QB,2,0
2010,cin,PeerCe00,Cedric Peerman,RB,1,0
2010,cin,PekoDo20,Domata Peko,LDT,4,7
2010,cin,PettAa00,Aaron Pettrey,K,Rook,0
2010,cin,PresCh00,Chris Pressley,RB,1,0
2010,cin,RatlKe20,Keiwan Ratliff,DB,6,0
2010,cin,ReyxVi00,Vincent Rey,LB,Rook,0
2010,cin,RiveKe99,Keith Rivers,RLB,2,6
2010,cin,RolaDe20,Dennis Roland,RT,2,6
2010,cin,RuckFr99,Frostee Rucker,DE,3,2
2010,cin,ScotBe00,Bernard Scott,RB,1,2
2010,cin,ShipJo00,Jordan Shipley,WR,Rook,5
2010,cin,SimpJe00,Jerome Simpson,WR,2,2
2010,cin,SimsPa99,Pat Sims,RDT,2,4
2010,cin,SkutDa00,Dan Skuta,LB,1,2
2010,cin,SmitAn23,Andre Smith,T,1,3
2010,cin,StitCl00,Clint Stitser,K,Rook,0
2010,cin,TrenMo99,Morgan Trent,DB,1,1
2010,cin,WadeJo99,Jonathan Wade,DB,3,1
2010,cin,WhitMa99,Marvin White,DB,3,0
2010,cin,WhitAn20,Andrew Whitworth,LT,4,8
2010,cin,WillBo21,Bobbie Williams,RG/LG,9,8
2010,cin,WillRo03,Roy Williams,SS,8,5
2010,pit,AdamFl00,Flozell Adams,RT,12,8
2010,pit,AlleWi21,Will Allen,DB,6,1
2010,pit,BatcCh00,Charlie Batch,QB,12,1
2010,pit,BattAr00,Arnaz Battle,WR,7,0
2010,pit,BrowAn04,Antonio Brown,WR,Rook,2
2010,pit,ButlCr99,Crezdon Butler,DB,Rook,0
2010,pit,ClarRy20,Ryan Clark,FS,8,7
2010,pit,DixoDe00,Dennis Dixon,QB,2,1
2010,pit,DwyeJo00,Jonathan Dwyer,RB,Rook,0
2010,pit,EasoNi20,Nick Eason,RDE,6,4
2010,pit,EsseTr20,Trai Essex,RG,5,3
2010,pit,FarrJa99,James Farrior,LILB,13,10
2010,pit,FootLa20,Larry Foote,LB,8,2
2010,pit,FostRa21,Ramon Foster,RG,1,4
2010,pit,FoxxKe20,Keyaron Fox,LB,6,2
2010,pit,GayxWi99,William Gay,DB,3,3
2010,pit,HampCa00,Casey Hampton,NT,9,7
2010,pit,HarrJa23,James Harrison,ROLB,8,19
2010,pit,HillTo21,Tony Hills,T,Rook,0
2010,pit,HokeCh20,Chris Hoke,NT,6,2
2010,pit,HoodEv99,Evander Hood,LDE,1,6
2010,pit,JohnDa05,David Johnson,TE,1,0
2010,pit,KapiJe20,Jeremy Kapinos,P,3,0
2010,pit,KeisBr20,Brett Keisel,RDE,8,10
2010,pit,KemoCh20,Chris Kemoeatu,LG,4,8
2010,pit,LeftBy00,Byron Leftwich,QB,7,0
2010,pit,LeguDo00,Doug Legursky,C,1,3
2010,pit,LewiKe96,Keenan Lewis,DB,1,1
2010,pit,MadiAn20,Anthony Madison,DB,4,2
2010,pit,McFaBr20,Bryant McFadden,LCB,5,8
2010,pit,McLeSt00,Steve McLendon,DT,1,1
2010,pit,MendRa00,Rashard Mendenhall,RB,2,9
2010,pit,MillHe00,Heath Miller,TE,5,5
2010,pit,MoorMe00,Mewelde Moore,RB,6,2
2010,pit,MundRy00,Ryan Mundy,DB,1,2
2010,pit,PolaTr99,Troy Polamalu,SS,7,16
2010,pit,PounMa20,Maurkice Pouncey,C,Rook,13
2010,pit,RandAn00,Antwaan Randle El,WR,8,2
2010,pit,RedmIs20,Isaac Redman,RB,1,2
2010,pit,reedxjef01,Jeff Reed,K,8,0
2010,pit,RoetBe00,Ben Roethlisberger,QB,6,12
2010,pit,SandEm00,Emmanuel Sanders,WR,Rook,3
2010,pit,ScotJo22,Jonathan Scott,LT,4,5
2010,pit,SepuDa20,Daniel Sepulveda,P,3,2
2010,pit,SmitAa99,Aaron Smith,LDE,11,3
2010,pit,SpaeMa00,Matt Spaeth,TE,3,1
2010,pit,StarMa21,Max Starks,LT,6,4
2010,pit,suishsha01,Shaun Suisham,K,5,2
2010,pit,SylvSt99,Stevenson Sylvester,LB,Rook,2
2010,pit,TaylIk20,Ike Taylor,RCB,7,7
2010,pit,TimmLa99,Lawrence Timmons,RILB,3,11
2010,pit,WallMi00,Mike Wallace,WR,1,11
2010,pit,WardHi00,Hines Ward,WR,12,7
2010,pit,WarrGr20,Greg Warren,LS,5,2
2010,pit,WoodLa99,LaMarr Woodley,LOLB,3,11
2010,pit,WoriJa99,Jason Worilds,DE,Rook,2
2010,clt,AddaJo00,Joseph Addai,RB,4,5
2010,clt,AfalAl99,Al Afalava,DB,1,0
2010,clt,AngePa99,Pat Angerer,LLB,Rook,5
2010,clt,BellJo01,Joique Bell,RB,Rook,0
2010,clt,BethAn20,Antoine Bethea,FS,4,5
2010,clt,BracGa20,Gary Brackett,MLB,7,5
2010,clt,BrooCh21,Chris Brooks,WR,Rook,0
2010,clt,BrowAn03,Andre Brown,RB,Rook,0
2010,clt,BrowCo00,Cornelius Brown,DB,Rook,1
2010,clt,BrowDo00,Donald Brown,RB,1,6
2010,clt,BullMe99,Melvin Bullitt,DB,3,1
2010,clt,ClarDa00,Dallas Clark,TE,7,3
2010,clt,CollAu00,Austin Collie,WR,1,6
2010,clt,ConnKa99,Kavell Conner,RLB,Rook,4
2010,clt,DawsKe99,Keyunta Dawson,DE,3,2
2010,clt,DeVaKy00,Kyle DeVan,LG,1,7
2010,clt,DiemRy20,Ryan Diem,RT,9,9
2010,clt,EldrBr00,Brody Eldridge,TE,Rook,0
2010,clt,FostEr20,Eric Foster,DT,2,2
2010,clt,FranAa20,Aaron Francisco,SS,5,4
2010,clt,FreeDw00,Dwight Freeney,RDE,8,9
2010,clt,GarcPi00,Pierre Garcon,WR,2,8
2010,clt,GlenCo99,Cody Glenn,LB,1,1
2010,clt,GonzAn00,Anthony Gonzalez,WR,3,1
2010,clt,HaglTy20,Tyjuan Hagler,LB,4,4
2010,clt,HamlKe20,Ken Hamlin,DB,7,0
2010,clt,HartMi00,Mike Hart,RB,2,2
2010,clt,HaydKe20,Kelvin Hayden,LCB,5,4
2010,clt,HughJe99,Jerry Hughes,DE,Rook,1
2010,clt,HumbRa00,Ramon Humber,LB,1,0
2010,clt,JameBr00,Brandon James,WR,Rook,0
2010,clt,JameJa00,Javarris James,RB,Rook,1
2010,clt,JohnAn03,Antonio Johnson,DT,2,2
2010,clt,JohnCh23,Charlie Johnson,LT,4,8
2010,clt,KapiJe20,Jeremy Kapinos,P,3,0
2010,clt,KingBr01,Brandon King,DB,Rook,0
2010,clt,KingMi99,Mitch King,DT,Rook,0
2010,clt,LaceJa99,Jacob Lacey,RCB,1,3
2010,clt,LinkJe20,Jeff Linkenbach,T,Rook,4
2010,clt,MannPe00,Peyton Manning,QB,12,16
2010,clt,MathRi99,Ricardo Mathews,DT,Rook,0
2010,clt,MathRo20,Robert Mathis,LDE,7,10
2010,clt,McAfPa44,Pat McAfee,P,1,2
2010,clt,McClJa20,Jacques McClendon,G,Rook,0
2010,clt,MoalFi99,Fili Moala,LDT,1,7
2010,clt,MoorDe01,Devin Moore,RB,Rook,0
2010,clt,MoorKe00,Kenny Moore,WR,1,0
2010,clt,MorgDa98,DaJuan Morgan,DB,2,0
2010,clt,MuirDa20,Daniel Muir,RDT,3,6
2010,clt,NewtMi00,Mike Newton,DB,Rook,1
2010,clt,PendDa00,David Pender,DB,Rook,0
2010,clt,PollMi20,Mike Pollak,RG,2,7
2010,clt,PoweJe99,Jerraud Powers,RCB,1,4
2010,clt,RhodDo00,Dominic Rhodes,RB,9,1
2010,clt,RichJa20,Jamey Richard,C,2,4
2010,clt,RichMi99,Mike Richardson,DB,2,0
2010,clt,RobiGi21,Gijon Robinson,TE,2,0
2010,clt,SandBo99,Bob Sanders,DB,6,0
2010,clt,SatuJe55,Jeff Saturday,C,11,12
2010,clt,SessCl99,Clint Session,RLB,3,2
2010,clt,SmitTa00,Taj Smith,WR,Rook,0
2010,clt,SnowJu00,Justin Snow,LS,10,0
2010,clt,TammJa00,Jacob Tamme,TE,2,6
2010,clt,ThomJa22,Jaimie Thomas,G,Rook,1
2010,clt,ToudMi20,Michael Toudouze,G,3,0
2010,clt,TownDe20,Deshea Townsend,DB,12,0
2010,clt,TripNa99,Nate Triplett,LB,Rook,0
2010,clt,TryoJu99,Justin Tryon,LCB,2,2
2010,clt,VaugCh99,Chip Vaughn,DB,Rook,0
2010,clt,vinatada01,Adam Vinatieri,K,14,5
2010,clt,WaynRe00,Reggie Wayne,WR,9,13
2010,clt,WheePh99,Philip Wheeler,LLB,2,3
2010,clt,WhitBl00,Blair White,WR,Rook,3
2010,htx,AdibXa99,Xavier Adibi,LB,2,1
2010,htx,AlleJa23,Jason Allen,DB,4,1
2010,htx,AndeDa01,David Anderson,WR,4,1
2010,htx,AndeMa21,Mark Anderson,DE,4,2
2010,htx,BarbDo99,Dominique Barber,DB,2,1
2010,htx,BarwCo99,Connor Barwin,DE,1,0
2010,htx,BentKe20,Kevin Bentley,MLB,8,3
2010,htx,BrisMi20,Mike Brisiel,RG,3,6
2010,htx,BrowDu20,Duane Brown,LT,2,7
2010,htx,ButlRa20,Rashad Butler,T,3,4
2010,htx,CaldAn20,Antoine Caldwell,RG,1,5
2010,htx,CaseJa00,James Casey,TE,1,1
2010,htx,CodySh20,Shaun Cody,LDT,5,5
2010,htx,CushBr99,Brian Cushing,LLB,1,4
2010,htx,DaniOw00,Owen Daniels,TE,4,5
2010,htx,DempQu99,Quintin Demps,DB,2,0
2010,htx,DennRy20,Ryan Denney,DE,8,0
2010,htx,DickDo00,Dorin Dickerson,TE,Rook,0
2010,htx,DileZa99,Zach Diles,RLB,3,4
2010,htx,DreeJo00,Joel Dreessen,TE,5,6
2010,htx,FostAr00,Arian Foster,RB,1,20
2010,htx,GrahGa00,Garrett Graham,TE,Rook,0
2010,htx,GreeIs20,Isaiah Greenhouse,LB,Rook,0
2010,htx,JackKa99,Kareem Jackson,RCB,Rook,5
2010,htx,JamiTi99,Tim Jamison,DE,1,1
2010,htx,JohnAn02,Andre Johnson,WR,7,13
2010,htx,JoneJa03,Jacoby Jones,WR,3,6
2010,htx,KeglSt99,Stanford Keglar,LB,2,1
2010,htx,LeacVo00,Vonta Leach,FB,6,1
2010,htx,LewiDa20,Damione Lewis,DT,9,1
2010,htx,McCaBr99,Brice McCain,DB,1,1
2010,htx,McMaSh99,Sherrick McManis,DB,Rook,1
2010,htx,MitcEa99,Earl Mitchell,DT,Rook,1
2010,htx,MoldAn99,Antwaun Molden,DB,2,1
2010,htx,MyerCh20,Chris Myers,C,5,10
2010,htx,NadiJe00,Jesse Nading,DE,2,0
2010,htx,NixoDa20,David Nixon,LB,1,0
2010,htx,NolaTr99,Troy Nolan,DB,1,2
2010,htx,OgunAd00,Adewale Ogunleye,DE,9,0
2010,htx,OkamFr99,Frank Okam,DT,2,0
2010,htx,OkoyAm99,Amobi Okoye,RDT,3,6
2010,htx,OrloDa00,Dan Orlovsky,QB,5,0
2010,htx,PaymKa20,Karl Paymah,DB,5,0
2010,htx,PollBe20,Bernard Pollard,SS,4,4
2010,htx,QuinGl99,Glover Quin,LCB,1,5
2010,htx,rackenei01,Neil Rackers,K,10,5
2010,htx,RyanDe20,DeMeco Ryans,MLB,4,2
2010,htx,SalaEp20,Ephraim Salaam,T,12,0
2010,htx,SchaMa00,Matt Schaub,QB,6,17
2010,htx,SharDa01,Darryl Sharpton,RLB,Rook,2
2010,htx,ShepMa00,Malcolm Sheppard,DT,Rook,0
2010,htx,SlatSt00,Steve Slaton,RB,2,1
2010,htx,SmitAn22,Antonio Smith,LDE,6,6
2010,htx,SmitWa21,Wade Smith,LG,7,10
2010,htx,StudKa20,Kasey Studdard,G,3,0
2010,htx,TownDe21,Derrick Townsel,WR,Rook,0
2010,htx,TurkMa20,Matt Turk,P,15,2
2010,htx,WallJa99,Jamar Wall,DB,Rook,0
2010,htx,WaltKe00,Kevin Walter,WR,7,7
2010,htx,WardDe01,Derrick Ward,RB,6,3
2010,htx,WeekJo00,Jon Weeks,LS,1,1
2010,htx,WillMa22,Mario Williams,RDE,4,5
2010,htx,WillTo24,Torri Williams,DB,Rook,0
2010,htx,WilsEu20,Eugene Wilson,FS,7,4
2010,htx,WinsEr20,Eric Winston,RT,4,10
2010,oti,AllrCo99,Colin Allred,LB,3,0
2010,oti,AmanEu20,Eugene Amano,C,6,6
2010,oti,AmatKe20,Ken Amato,LS,7,2
2010,oti,BabiJa20,Jason Babin,LDE,6,10
2010,oti,BailPa99,Patrick Bailey,LB,2,1
2010,oti,BallDa20,Dave Ball,RDE,6,5
2010,oti,bironrob01,Rob Bironas,K,5,5
2010,oti,BritKe00,Kenny Britt,WR,1,8
2010,oti,BrowTo25,Tony Brown,RDT,6,4
2010,oti,CollKe00,Kerry Collins,QB,15,6
2010,oti,CookJa02,Jared Cook,TE,1,4
2010,oti,CurrRe99,Rennie Curran,LB,Rook,1
2010,oti,DaviHa21,Hall Davis,DE,Rook,0
2010,oti,DougMa20,Marques Douglas,DE,10,1
2010,oti,DuraRy20,Ryan Durand,G,Rook,0
2010,oti,FinnCo20,Cortland Finnegan,RCB,4,6
2010,oti,FordJa99,Jacob Ford,RDE,2,3
2010,oti,FullVi20,Vincent Fuller,DB,5,2
2010,oti,GageJu00,Justin Gage,WR,7,3
2010,oti,GordAm20,Amon Gordon,DT,6,0
2010,oti,GrifMi99,Michael Griffin,FS,3,11
2010,oti,HallAh00,Ahmard Hall,RB,4,1
2010,oti,HarrLe21,Leroy Harris,LG,3,7
2010,oti,HawkLa00,Lavelle Hawkins,WR,2,1
2010,oti,HayeJo20,Jovan Haye,DT,5,2
2010,oti,HayeWi99,William Hayes,DE,2,2
2010,oti,HopeCh21,Chris Hope,SS,8,6
2010,oti,IttePe00,Pete Ittersagen,DB,Rook,0
2010,oti,JohnCh04,Chris Johnson,RB,2,13
2010,oti,JoneJa99,Jason Jones,LDT,2,6
2010,oti,KernBr20,Brett Kern,P,2,2
2010,oti,KropTr20,Troy Kropog,T,1,0
2010,oti,MariMa00,Marc Mariani,WR,Rook,2
2010,oti,MarkSe99,Sen'Derrick Marks,DT,1,2
2010,oti,MattKe20,Kevin Matthews,C,Rook,1
2010,oti,McCoJa99,Jason McCourty,LCB,1,3
2010,oti,McRaGe99,Gerald McRath,LLB,1,3
2010,oti,MorgDe99,Derrick Morgan,DE,Rook,0
2010,oti,MossRa00,Randy Moss,WR,12,1
2010,oti,MoutRy99,Ryan Mouton,DB,1,1
2010,oti,NickDo20,Donnie Nickey,DB,7,1
2010,oti,OttoMi20,Michael Otto,T,2,1
2010,oti,RingJa00,Javon Ringer,RB,1,2
2010,oti,RoosMi20,Michael Roos,LT,5,8
2010,oti,ScaiBo00,Bo Scaife,TE,5,3
2010,oti,SchoNi99,Nick Schommer,DB,Rook,1
2010,oti,ScotJa21,Jake Scott,RG,6,8
2010,oti,ShawTi99,Tim Shaw,LB,3,2
2010,oti,ShepMa00,Malcolm Sheppard,DT,Rook,0
2010,oti,SmitRu01,Rusty Smith,QB,Rook,1
2010,oti,StevCr00,Craig Stevens,TE,2,1
2010,oti,StewDa21,David Stewart,RT,4,8
2010,oti,TullSt20,Stephen Tulloch,MLB,4,8
2010,oti,VelaFe20,Fernando Velasco,G,1,3
2010,oti,VernAl99,Alterraun Verner,LCB,Rook,5
2010,oti,WashNa00,Nate Washington,WR,5,7
2010,oti,WillDa04,Damian Williams,WR,Rook,2
2010,oti,WinbJa20,Jamie Winborn,LB,9,1
2010,oti,WithWi20,Will Witherspoon,RLB,8,7
2010,oti,YounVi00,Vince Young,QB,4,6
2010,jax,AlexEr20,Eric Alexander,LB,6,0
2010,jax,AlexGe99,Gerald Alexander,DB,3,1
2010,jax,AlleRu00,Russell Allen,LB,1,2
2010,jax,AluaTy99,Tyson Alualu,LDT,Rook,5
2010,jax,BaldDa20,Daniel Baldridge,T,Rook,0
2010,jax,BlacJo20,Jordan Black,RT,6,5
2010,jax,BoleBr00,Brock Bolen,RB,1,0
2010,jax,BoumTo00,Todd Bouman,QB,9,1
2010,jax,BoweAl99,Alvin Bowen,LB,Rook,0
2010,jax,BracTy99,Tyron Brackenridge,DB,3,1
2010,jax,BritEb20,Eben Britton,RT,1,4
2010,jax,CainJe20,Jeremy Cain,LB,6,2
2010,jax,CareDo00,Don Carey,FS,Rook,3
2010,jax,CoexMi99,Michael Coe,DB,3,0
2010,jax,CoheLa99,Landon Cohen,DT,2,0
2010,jax,CollNa20,Nate Collins,DT,Rook,0
2010,jax,ConsSe20,Sean Considine,FS,5,2
2010,jax,CoxxDe99,Derek Cox,LCB,1,4
2010,jax,CutrJa00,Jacob Cutrera,LB,Rook,0
2010,jax,DouzLe00,Leger Douzable,DE,1,1
2010,jax,DuraJu99,Justin Durant,RLB,3,3
2010,jax,EdwaTr01,Trent Edwards,QB,3,1
2010,jax,GarrDa00,David Garrard,QB,8,13
2010,jax,GreeCo99,Courtney Greene,SS,1,4
2010,jax,HamlMi99,Michael Hamlin,DB,1,0
2010,jax,HartLa99,Larry Hart,DE,Rook,1
2010,jax,HarvDe99,Derrick Harvey,LDE,2,3
2010,jax,HaslKe20,Kevin Haslam,T,Rook,0
2010,jax,HillJa00,Jason Hill,WR,3,3
2010,jax,JackCh99,Chevis Jackson,DB,2,0
2010,jax,JennRa00,Rashad Jennings,RB,1,6
2010,jax,JoneDa99,David Jones,LCB,3,2
2010,jax,JoneGr01,Greg Jones,FB,6,1
2010,jax,DrewMa00,Maurice Jones-Drew,RB,4,14
2010,jax,KampAa99,Aaron Kampman,RDE,8,3
2010,jax,KariDe00,Deji Karim,RB,Rook,1
2010,jax,KnigTe99,Terrance Knighton,RDT,1,5
2010,jax,LaneAu99,Austen Lane,RDE,Rook,3
2010,jax,LewiMa00,Marcedes Lewis,TE,4,8
2010,jax,ManuVi20,Vince Manuwai,LG,7,6
2010,jax,MathRa99,Rashean Mathis,RCB,7,5
2010,jax,MattJo22,John Matthews,WR,Rook,0
2010,jax,McCoLu00,Luke McCown,QB,6,0
2010,jax,MeesBr20,Brad Meester,C,10,9
2010,jax,MiddWi98,William Middleton,DB,1,2
2010,jax,MillZa02,Zach Miller,TE,1,2
2010,jax,MincJe99,Jeremy Mincey,LDE,3,3
2010,jax,MonrEu20,Eugene Monroe,LT,1,8
2010,jax,MorgAa00,Aaron Morgan,LB,Rook,0
2010,jax,MorrKi20,Kirk Morrison,MLB,5,5
2010,jax,MoslC.20,C.J. Mosley,DT,5,0
2010,jax,NorrSl99,Slade Norris,LB,1,0
2010,jax,NwanUc20,Uche Nwaneri,RG,3,9
2010,jax,OsgoKa00,Kassim Osgood,WR,7,1
2010,jax,OwenMo01,Montell Owens,RB,4,0
2010,jax,PodlAd20,Adam Podlesh,P,3,2
2010,jax,PottZa99,Zach Potter,TE,1,1
2010,jax,scobejos01,Josh Scobee,K,6,3
2010,jax,WalkMi01,Mike Sims-Walker,WR,2,6
2010,jax,SmilJu20,Justin Smiley,LG,6,3
2010,jax,SmitAn21,Anthony Smith,DB,4,1
2010,jax,SmitDa24,Daryl Smith,LLB,6,6
2010,jax,ThomMi01,Mike Thomas,WR,1,11
2010,jax,UndeTi00,Tiquan Underwood,WR,1,1
2010,jax,WheaTe99,Terrence Wheatley,DB,2,0
2010,jax,WhimGu20,Guy Whimper,DE,4,1
2010,jax,WilfEr00,Ernest Wilford,WR,6,0
2010,den,AlexKe02,Kevin Alexander,LB-DE,Rook,0
2010,den,AyerRo99,Robert Ayers,ROLB,1,3
2010,den,BailCh00,Champ Bailey,LCB,11,7
2010,den,BallLa00,Lance Ball,RB,2,1
2010,den,BannJu20,Justin Bannan,RDE,8,5
2010,den,BatiDA20,D'Anthony Batiste,T,3,0
2010,den,BeadZa20,Zane Beadles,LG/RT,Rook,7
2010,den,BrigDi99,Diyral Briggs,LB,1,0
2010,den,BrowAn03,Andre Brown,RB,Rook,0
2010,den,BrutDa99,David Bruton,DB,1,2
2010,den,BuckCo00,Correll Buckhalter,RB,9,3
2010,den,CladRy20,Ryan Clady,LT,2,7
2010,den,ClarCh21,Chris Clark,T,1,1
2010,den,CoatDa00,Daniel Coats,TE,3,0
2010,den,ColqBr00,Britton Colquitt,P,1,3
2010,den,CoxxPe99,Perrish Cox,RCB,Rook,3
2010,den,DaniSt20,Stanley Daniels,G,Rook,2
2010,den,DaviBr00,Britt Davis,WR,Rook,0
2010,den,DawkBr00,Brian Dawkins,SS,14,3
2010,den,DeckEr00,Eric Decker,WR,Rook,1
2010,den,FielRo20,Ronald Fields,DT,5,1
2010,den,GaffJa00,Jabar Gaffney,WR,8,7
2010,den,GoodAn20,Andre' Goodman,RCB,8,2
2010,den,GrahDa00,Daniel Graham,TE,8,1
2010,den,GronDa00,Dan Gronkowski,TE,1,1
2010,den,HaggMa20,Mario Haggan,RILB,7,6
2010,den,HarrRy20,Ryan Harris,RT,3,5
2010,den,HausSt00,Stephen Hauschka,K,2,1
2010,den,HillRe20,Renaldo Hill,FS,9,5
2010,den,HochRu20,Russ Hochstein,LG,8,4
2010,den,HuntJa24,Jason Hunter,LOLB,4,5
2010,den,JoneNa20,Nate Jones,DB,6,1
2010,den,KupeCh20,Chris Kuper,RG,4,7
2010,den,LarsSp99,Spencer Larsen,FB,2,1
2010,den,LloyBr00,Brandon Lloyd,WR,7,12
2010,den,MaroLa00,Laurence Maroney,RB,4,1
2010,den,MaysJo99,Joe Mays,RILB,2,2
2010,den,McBaDa99,Darcel McBath,DB,1,1
2010,den,McBeRy99,Ryan McBean,DT,3,2
2010,den,McCaKy00,Kyle McCarthy,DB,Rook,0
2010,den,MoreKn00,Knowshon Moreno,RB,1,8
2010,den,MossJa99,Jarvis Moss,DE,3,0
2010,den,OlseEr20,Eric Olsen,G,Rook,0
2010,den,OrtoKy00,Kyle Orton,QB,5,11
2010,den,PaxtLo20,Lonie Paxton,LS,10,2
2010,den,PratMa20,Matt Prater,K,3,3
2010,den,QuinRi00,Richard Quinn,TE,1,0
2010,den,RobiLe99,Lee Robinson,LB,Rook,0
2010,den,RoyaEd00,Eddie Royal,WR,2,5
2010,den,SmitLe20,Le Kevin Smith,DT,4,0
2010,den,TeboTi00,Tim Tebow,QB,Rook,3
2010,den,ThomDe03,Demaryius Thomas,WR,Rook,2
2010,den,ThomMa99,Marcus Thomas,DT,3,2
2010,den,ThomSy99,Syd'Quan Thompson,DB,Rook,1
2010,den,VaugCa00,Cassius Vaughn,DB,Rook,2
2010,den,VeikDa99,David Veikune,DE,1,0
2010,den,VickKe99,Kevin Vickerson,LDE,3,4
2010,den,WaltJ.20,J.D. Walton,C,Rook,7
2010,den,WillD.20,D.J. Williams,LILB,6,6
2010,den,WillJa99,Jamal Williams,NT,12,5
2010,den,WillMa00,Matt Willis,WR,3,0
2010,den,WoodWe20,Wesley Woodyard,LB,2,2
2010,kan,AlbeBr20,Branden Albert,LT,2,6
2010,kan,AndeCh21,Charlie Anderson,LB,6,0
2010,kan,ArenJa99,Javier Arenas,DB,Rook,2
2010,kan,AsamJo20,Jon Asamoah,G,Rook,1
2010,kan,BateJa99,Jackie Bates,DB,Rook,0
2010,kan,BattJa00,Jackie Battle,RB,3,0
2010,kan,BelcJo00,Jovan Belcher,LILB,1,7
2010,kan,BerrEr99,Eric Berry,SS,Rook,11
2010,kan,BoweDw00,Dwayne Bowe,WR,3,13
2010,kan,CarrBr99,Brandon Carr,RCB,2,7
2010,kan,CassMa00,Matt Cassel,QB,5,13
2010,kan,CastTi20,Tim Castille,RB,2,0
2010,kan,ChamCh00,Chris Chambers,WR,9,2
2010,kan,CharJa00,Jamaal Charles,RB,2,17
2010,kan,ColqDu20,Dustin Colquitt,P,5,2
2010,kan,CoppTe00,Terrance Copper,WR,6,2
2010,kan,Cox_Mi20,Mike Cox,RB,2,0
2010,kan,CroyBr00,Brodie Croyle,QB,4,0
2010,kan,CurtKe00,Kevin Curtis,WR,7,
2010,kan,DaniTr20,Travis Daniels,DB,5,1
2010,kan,DorsGl99,Glenn Dorsey,RDE,2,9
2010,kan,EdwaRo20,Ron Edwards,NT,9,7
2010,kan,FlowBr99,Brandon Flowers,LCB,2,7
2010,kan,GaffTh20,Thomas Gafford,LB,2,3
2010,kan,GilbWa00,Wallace Gilberry,DE,2,4
2010,kan,GreeCo01,Cory Greenwood,LB,Rook,1
2010,kan,HaliTa20,Tamba Hali,ROLB,4,9
2010,kan,HornJe00,Jeremy Horne,WR,Rook,0
2010,kan,JackTy98,Tyson Jackson,DE,1,3
2010,kan,JohnDe25,Derrick Johnson,RILB,5,9
2010,kan,JoneTh00,Thomas Jones,RB,10,7
2010,kan,LangRe99,Reshard Langford,DB,Rook,0
2010,kan,LewiKe00,Kendrick Lewis,FS,Rook,5
2010,kan,LiljRy20,Ryan Lilja,RG,6,6
2010,kan,MageAl99,Alex Magee,DT,1,0
2010,kan,MaysCo20,Corey Mays,LB,4,1
2010,kan,McClDe00,Dexter McCluster,WR,Rook,4
2010,kan,McGrJo21,Jon McGraw,FS,8,3
2010,kan,MoeaTo00,Tony Moeaki,TE,Rook,6
2010,kan,NiswRu20,Rudy Niswanger,C,4,1
2010,kan,OCalRy20,Ryan O'Callaghan,T,4,1
2010,kan,OConJa00,Jake O'Connell,TE,1,0
2010,kan,PalkTy00,Tyler Palko,QB,1,0
2010,kan,PopeLe00,Leonard Pope,TE,4,1
2010,kan,PricRi00,Ricky Price,DB,1,0
2010,kan,RichBa20,Barry Richardson,RT,2,7
2010,kan,SimoMa20,Mark Simoneau,LB,10,0
2010,kan,SmitSh20,Shaun Smith,LDE,6,6
2010,kan,StudAn99,Andy Studebaker,LB,2,2
2010,kan,SuccRy44,Ryan Succop,K,1,2
2010,kan,ToriAn20,Anthony Toribio,DT,1,0
2010,kan,TuckVe00,Verran Tucker,WR,Rook,1
2010,kan,VrabMi20,Mike Vrabel,LOLB,13,7
2010,kan,WashDo98,Donald Washington,DB,1,2
2010,kan,WateBr55,Brian Waters,LG,10,9
2010,kan,WiegCa20,Casey Wiegmann,C,13,7
2010,kan,WillDe22,Demorrio Williams,LB,6,1
2010,rai,AlfoJa99,Jay Alford,DT,3,0
2010,rai,AsomNn20,Nnamdi Asomugha,RCB,7,12
2010,rai,BarnKh20,Khalif Barnes,T,5,3
2010,rai,BennMi00,Michael Bennett,RB,9,0
2010,rai,BollKy00,Kyle Boller,QB,7,0
2010,rai,BranTy99,Tyvon Branch,SS,2,6
2010,rai,BrowRi22,Ricky Brown,LB,4,2
2010,rai,BrowSt99,Stevie Brown,DB,Rook,1
2010,rai,BryaDe00,Desmond Bryant,DT,1,1
2010,rai,BushMi00,Michael Bush,RB,2,6
2010,rai,CampBr20,Bruce Campbell,T,Rook,1
2010,rai,CampJa00,Jason Campbell,QB,4,9
2010,rai,CarlCo20,Cooper Carlisle,RG,10,8
2010,rai,CartRo01,Rock Cartwright,FB,8,0
2010,rai,CondJo20,Jon Condo,LS,5,2
2010,rai,DaviBr99,Bruce Davis,LB,2,0
2010,rai,EugeHi99,Hiram Eugene,DB,3,1
2010,rai,FiguYa00,Yamon Figurs,WR,3,0
2010,rai,FordJa01,Jacoby Ford,WR,Rook,8
2010,rai,GallRo20,Robert Gallery,LG,6,6
2010,rai,GoetTr99,Travis Goethel,LB,Rook,1
2010,rai,GradBr00,Bruce Gradkowski,QB,4,2
2010,rai,GrovQu99,Quentin Groves,LLB,2,5
2010,rai,HendJo99,John Henderson,DT,8,2
2010,rai,HendMa21,Mario Henderson,LT,3,4
2010,rai,HeywDa00,Darrius Heyward-Bey,WR,1,4
2010,rai,HiggJo00,Johnnie Lee Higgins,WR,3,1
2010,rai,HousLa99,Lamarr Houston,LDE,Rook,7
2010,rai,HowaTh20,Thomas Howard,LB,4,1
2010,rai,HuffMi20,Michael Huff,FS,4,9
2010,rai,janikseb01,Sebastian Janikowski,K,10,3
2010,rai,JohnCh26,Chris Johnson,DB,5,2
2010,rai,KellTo21,Tommy Kelly,RDT,6,7
2010,rai,LechSh20,Shane Lechler,P,10,4
2010,rai,LopeDa20,Daniel Loper,T,4,3
2010,rai,McClRo00,Rolando McClain,MLB,Rook,6
2010,rai,McFaDa00,Darren McFadden,RB,2,13
2010,rai,McFaWa99,Walter McFadden,DB,Rook,0
2010,rai,MillNi00,Nick Miller,WR,Rook,0
2010,rai,MillZa01,Zach Miller,TE,3,6
2010,rai,MitcMi99,Mike Mitchell,DB,1,2
2010,rai,MossJa99,Jarvis Moss,DE,3,0
2010,rai,MurpLo00,Louis Murphy,WR,1,6
2010,rai,MyerBr00,Brandon Myers,TE,1,1
2010,rai,ReecMa00,Marcel Reece,FB,1,4
2010,rai,RoutSt20,Stanford Routt,LCB,5,5
2010,rai,SateSa20,Samson Satele,C,3,7
2010,rai,SchiCh00,Chaz Schilens,WR,2,0
2010,rai,ScotTr99,Trevor Scott,RDE,2,4
2010,rai,SeymRi00,Richard Seymour,LDT,9,8
2010,rai,ShauMa99,Matt Shaughnessy,RDE,1,5
2010,rai,VeldJa20,Jared Veldheer,LT,Rook,6
2010,rai,WalkLa20,Langston Walker,RT,8,7
2010,rai,WareJe99,Jeremy Ware,FB,Rook,1
2010,rai,WillSa22,Sam Williams,DE,7,1
2010,rai,WimbKa20,Kamerion Wimbley,RLB,4,7
2010,sdg,AjirSe00,Seyi Ajirotutu,WR,Rook,3
2010,sdg,AlbrEt20,Ethan Albright,LS,15,0
2010,sdg,ApplAn99,Antwan Applewhite,ROLB,2,6
2010,sdg,BankGa00,Gary Banks,WR,Rook,0
2010,sdg,BarnAn99,Antwan Barnes,LB,3,1
2010,sdg,BeckDa99,Darry Beckwith,LB,Rook,0
2010,sdg,BennFr99,Fred Bennett,DB,3,0
2010,sdg,BinnDa20,David Binn,LS,16,0
2010,sdg,BoonAl20,Alfonso Boone,DT,9,0
2010,sdg,BrinCu00,Curtis Brinkley,RB,Rook,0
2010,sdg,brownkri01,Kris Brown,K,11,0
2010,sdg,BurnKe20,Kevin Burnett,RILB,5,9
2010,sdg,CartTy20,Tyrone Carter,DB,10,0
2010,sdg,CasoAn99,Antoine Cason,RCB,2,7
2010,sdg,CastLu20,Luis Castillo,RDE,5,7
2010,sdg,CesaJa20,Jacques Cesaire,LDE,7,7
2010,sdg,ClarJe20,Jeromey Clary,RT,3,10
2010,sdg,CoopSt20,Stephen Cooper,LILB,7,5
2010,sdg,CrayPa00,Patrick Crayton,WR,6,5
2010,sdg,DaviCr00,Craig Davis,WR,3,3
2010,sdg,DielKr20,Kris Dielman,LG,7,12
2010,sdg,DombBr20,Brandyn Dombrowski,LT,1,4
2010,sdg,EnglLa99,Larry English,DE,1,2
2010,sdg,FloyMa00,Malcom Floyd,WR,6,7
2010,sdg,GaraAn20,Antonio Garay,NT,7,8
2010,sdg,GateAn00,Antonio Gates,TE,7,8
2010,sdg,GoodRi00,Richard Goodman,WR,Rook,0
2010,sdg,GreeTy20,Tyronne Green,RG,1,5
2010,sdg,GregSt20,Steve Gregory,SS,4,4
2010,sdg,HardNi55,Nick Hardwick,C,6,10
2010,sdg,HerrDa99,David Herron,LB,3,0
2010,sdg,HestJa00,Jacob Hester,RB,2,2
2010,sdg,HoltJa00,James Holt,LB,1,0
2010,sdg,HughDa99,Dante Hughes,DB,3,1
2010,sdg,JackVi00,Vincent Jackson,WR,5,3
2010,sdg,JammQu20,Quentin Jammer,LCB,8,7
2010,sdg,JohnTr20,Travis Johnson,DT,5,1
2010,sdg,kaedinat01,Nate Kaeding,K,6,3
2010,sdg,LangBr99,Brandon Lang,LB,Rook,1
2010,sdg,LatsBi00,Billy Latsko,RB,Rook,0
2010,sdg,MartVa99,Vaughn Martin,DT,1,1
2010,sdg,MathRy00,Ryan Mathews,RB,Rook,6
2010,sdg,McMiRa01,Randy McMichael,TE,8,2
2010,sdg,McNeMa20,Marcus McNeill,LT,4,7
2010,sdg,MerrSh99,Shawne Merriman,LB,5,1
2010,sdg,MoorBr22,Brandon Moore,LB,8,0
2010,sdg,MrucSc20,Scott Mruczkowski,C,5,2
2010,sdg,NaanLe00,Legedu Naanee,WR,3,4
2010,sdg,NeilRy99,Ryan Neill,DE,3,0
2010,sdg,NwagOg00,Ogemdi Nwagbuo,DT,1,2
2010,sdg,ObioCy99,Cyril Obiozor,LB,1,0
2010,sdg,OlivPa20,Paul Oliver,SS,2,4
2010,sdg,PhilSh20,Shaun Phillips,LOLB,6,11
2010,sdg,RivePh00,Philip Rivers,QB,6,17
2010,sdg,ScifMi20,Mike Scifres,P,7,2
2010,sdg,SileBr99,Brandon Siler,LILB,3,3
2010,sdg,SperKo00,Kory Sperry,TE,1,1
2010,sdg,SpilCJ99,C.J. Spillman,DB,1,0
2010,sdg,SproDa00,Darren Sproles,RB,5,7
2010,sdg,StriDo20,Donald Strickland,DB,7,1
2010,sdg,StucDa20,Darrell Stuckey,DB,Rook,0
2010,sdg,TealQu99,Quinton Teal,DB,3,1
2010,sdg,TerrAd20,Adam Terry,T,5,0
2010,sdg,ThomCa99,Cam Thomas,DT,Rook,1
2010,sdg,TolbMi00,Mike Tolbert,RB,2,7
2010,sdg,TuckJy99,Jyles Tucker,LB,3,0
2010,sdg,VasqLo20,Louis Vasquez,RG,1,6
2010,sdg,VoleBi00,Billy Volek,QB,9,0
2010,sdg,WashKe00,Kelley Washington,WR,7,2
2010,sdg,WatkPa20,Pat Watkins,DB,4,0
2010,sdg,WeddEr99,Eric Weddle,FS,3,12
2010,sdg,WilsKi00,Kion Wilson,LB,Rook,0
2010,sdg,WilsKr00,Kris Wilson,TE,6,1
2010,sdg,WindMi00,Mike Windt,LS,Rook,1
2010,nwe,ArriKy00,Kyle Arrington,RCB,1,4
2010,nwe,BantTu20,Tully Banta-Cain,LOLB,7,3
2010,nwe,BracRo99,Ron Brace,RDE,1,3
2010,nwe,BradTo00,Tom Brady,QB,10,18
2010,nwe,BranDe00,Deion Branch,WR,8,9
2010,nwe,BrowSe00,Sergio Brown,DB,Rook,1
2010,nwe,ButlDa99,Darius Butler,DB,1,2
2010,nwe,CartTo99,Tony Carter,DB,1,0
2010,nwe,ChunPa99,Patrick Chung,SS,1,4
2010,nwe,ClayTh00,Thomas Clayton,RB,Rook,0
2010,nwe,CoheLa99,Landon Cohen,DT,2,0
2010,nwe,ConnDa21,Dan Connolly,LG/RG,5,9
2010,nwe,CrabSh99,Shawn Crable,DE,Rook,0
2010,nwe,CrumAl00,Alge Crumpler,TE,9,1
2010,nwe,CunnJe99,Jermaine Cunningham,ROLB,Rook,4
2010,nwe,DeadBr99,Brandon Deaderick,DT,Rook,2
2010,nwe,EdelJu00,Julian Edelman,WR,1,2
2010,nwe,FaulKe00,Kevin Faulk,RB,11,1
2010,nwe,FletDa00,Dane Fletcher,DE,Rook,2
2010,nwe,GostSt20,Stephen Gostkowski,K,4,1
2010,nwe,grahasha01,Shayne Graham,K,9,2
2010,nwe,GreeBe00,BenJarvus Green-Ellis,RB,2,10
2010,nwe,GronRo00,Rob Gronkowski,TE,Rook,7
2010,nwe,GuytGa99,Gary Guyton,LILB,2,5
2010,nwe,HernAa00,Aaron Hernandez,TE,Rook,7
2010,nwe,HoyeBr00,Brian Hoyer,QB,1,0
2010,nwe,IngrJa20,Jake Ingram,LS,1,0
2010,nwe,KatuMa20,Matt Katula,LS,5,1
2010,nwe,KoppDa20,Dan Koppen,C,7,11
2010,nwe,LeonLo99,Louis Leonard,DT,3,0
2010,nwe,LeVoMa99,Mark LeVoir,T,2,1
2010,nwe,LighMa20,Matt Light,LT,9,14
2010,nwe,LoveKy00,Kyle Love,DT,Rook,1
2010,nwe,MankLo20,Logan Mankins,LG,5,12
2010,nwe,MayoJe99,Jerod Mayo,LILB,2,14
2010,nwe,McCoDe99,Devin McCourty,LCB,Rook,10
2010,nwe,MeriBr99,Brandon Meriweather,FS,3,6
2010,nwe,MeskZo99,Zoltan Mesko,P,Rook,2
2010,nwe,MoorEr21,Eric Moore,DE,5,2
2010,nwe,MorrSa00,Sammy Morris,RB,10,1
2010,nwe,MossRa00,Randy Moss,WR,12,2
2010,nwe,MurrMa99,Marques Murrell,LB,3,0
2010,nwe,NealSt20,Steve Neal,RG,8,5
2010,nwe,NinkRo20,Rob Ninkovich,LOLB,4,6
2010,nwe,OhrnRi20,Rich Ohrnberger,G,1,0
2010,nwe,OjinQu20,Quinn Ojinnaka,G,4,1
2010,nwe,PageJa20,Jarrad Page,DB,4,1
2010,nwe,PricTa00,Taylor Price,WR,Rook,1
2010,nwe,PryoMy99,Myron Pryor,DT,1,1
2010,nwe,SandJa21,James Sanders,SS,5,4
2010,nwe,SlatMa00,Matthew Slater,WR,2,0
2010,nwe,SpikBr99,Brandon Spikes,RILB,Rook,4
2010,nwe,TateBr00,Brandon Tate,WR,1,8
2010,nwe,TaylFr00,Fred Taylor,RB,12,1
2010,nwe,VollSe20,Sebastian Vollmer,RT,1,18
2010,nwe,WarrGe20,Gerard Warren,NT,9,4
2010,nwe,WelkWe00,Wes Welker,WR,6,11
2010,nwe,WendRy20,Ryan Wendell,C,1,3
2010,nwe,WhitTr20,Tracy White,LB,7,1
2010,nwe,WilfVi20,Vince Wilfork,LDE,6,11
2010,nwe,WilhJo99,Jonathan Wilhite,DB,2,1
2010,nwe,WoodDa02,Danny Woodhead,RB,1,10
2010,nwe,WoodPi20,Pierre Woods,LB,4,0
2010,nwe,WrigMi20,Mike Wright,RDE,5,3
2010,mia,AlamIk99,Ikaika Alama-Francis,DE,3,1
2010,mia,AlleJa23,Jason Allen,RCB,4,3
2010,mia,AmayJo00,Jonathon Amaya,DB,Rook,1
2010,mia,BakeCh99,Chris Baker,NT,1,0
2010,mia,BakeRy00,Ryan Baker,DE,1,1
2010,mia,BellYe20,Yeremiah Bell,SS,6,6
2010,mia,BergJo20,Joe Berger,C,5,6
2010,mia,BessDa00,Davone Bess,WR,2,5
2010,mia,BrowRo05,Ronnie Brown,RB,5,4
2010,mia,CareVe20,Vernon Carey,RT,6,5
2010,mia,CarpBo20,Bobby Carpenter,LB,4,1
2010,mia,CarpDa44,Dan Carpenter,K,2,2
2010,mia,CarrNo00,Nolan Carroll,DB,Rook,1
2010,mia,ClemCh97,Chris Clemons,FS,1,5
2010,mia,CobbPa00,Patrick Cobbs,RB,4,1
2010,mia,CrowCh20,Channing Crowder,LILB,5,5
2010,mia,CulvTy20,Tyrone Culver,DB,4,1
2010,mia,CurtKe00,Kevin Curtis,WR,7,0
2010,mia,DansKa20,Karlos Dansby,RILB,6,7
2010,mia,DaviVo99,Vontae Davis,LCB,1,5
2010,mia,DennJo20,John Denney,LS,5,5
2010,mia,DobbTi20,Tim Dobbins,LILB,4,4
2010,mia,DotsLi99,Lionel Dotson,DT,2,0
2010,mia,EppsDe00,Dedrick Epps,TE,Rook,0
2010,mia,FasaAn00,Anthony Fasano,TE,4,3
2010,mia,FeinRa20,Ray Feinga,G,Rook,0
2010,mia,FielBr20,Brandon Fields,P,3,3
2010,mia,GeatCl99,Clifton Geathers,DE,Rook,0
2010,mia,HarrAl21,Al Harris,DB,12,0
2010,mia,HartBr00,Brian Hartline,WR,1,4
2010,mia,HennCh01,Chad Henne,QB,2,6
2010,mia,HillLe00,Lex Hilliard,RB,1,0
2010,mia,IncoRi20,Richie Incognito,LG,4,6
2010,mia,JerrJo20,John Jerry,RG,Rook,4
2010,mia,JohnMi01,Micah Johnson,LB,Rook,0
2010,mia,JoneRe99,Reshad Jones,DB,Rook,2
2010,mia,LangKe98,Kendall Langford,LDE,2,8
2010,mia,LongJa20,Jake Long,LT,2,12
2010,mia,MarsBr00,Brandon Marshall,WR,4,6
2010,mia,MastJe20,Jeron Mastrud,TE,Rook,0
2010,mia,McDaTo20,Tony McDaniel,DT,4,3
2010,mia,McQuPa20,Pat McQuistan,RG,4,4
2010,mia,MerlPh99,Phillip Merling,DE,2,0
2010,mia,MisiKo99,Koa Misi,LOLB,Rook,6
2010,mia,MoorMa02,Marlon Moore,WR,Rook,1
2010,mia,MoseQu99,Quentin Moses,DE,3,2
2010,mia,MurtLy20,Lydon Murtha,T,1,2
2010,mia,NalbJo00,John Nalbone,TE,Rook,0
2010,mia,NessNa00,Nate Ness,DB,Rook,0
2010,mia,OdriJa99,Jared Odrick,DE,Rook,0
2010,mia,OgleEv20,Evan Oglesby,DB,5,0
2010,mia,PennCh01,Chad Pennington,QB,10,0
2010,mia,PoliLo00,Lousaka Polite,FB,6,1
2010,mia,ProcCo20,Cory Procter,G,3,1
2010,mia,SappBe20,Benny Sapp,DB,6,3
2010,mia,ShulMi01,Mickey Shuler,TE,Rook,0
2010,mia,SmitCl22,Clifton Smith,RB,2,0
2010,mia,SmitSe99,Sean Smith,RCB,1,3
2010,mia,SoliPa99,Paul Soliai,NT,3,7
2010,mia,SpitAu99,Austin Spitler,LB,Rook,1
2010,mia,StarRa20,Randy Starks,RDE,6,10
2010,mia,ThigTy00,Tyler Thigpen,QB,3,1
2010,mia,WakeCa00,Cameron Wake,ROLB,1,13
2010,mia,WaldEr99,Erik Walden,LB,2,0
2010,mia,WallRo01,Roberto Wallace,WR,Rook,0
2010,mia,WillRi00,Ricky Williams,RB,11,4
2010,nyj,BrunMa00,Mark Brunell,QB,16,0
2010,nyj,ClemKe00,Kellen Clemens,QB,4,0
2010,nyj,ClowDa00,David Clowney,WR,2,0
2010,nyj,ColeMa01,Marquice Cole,DB,1,2
2010,nyj,ColeDr20,Drew Coleman,DB,4,3
2010,nyj,ConnJo00,John Conner,RB,Rook,0
2010,nyj,CookEm99,Emanuel Cook,DB,Rook,0
2010,nyj,CotcJe00,Jerricho Cotchery,WR,6,3
2010,nyj,CromAn20,Antonio Cromartie,RCB,4,6
2010,nyj,CumbJe00,Jeff Cumberland,TE,Rook,0
2010,nyj,CummKe20,Kenwin Cummings,DE,1,0
2010,nyj,DeViMi99,Mike DeVito,RDE,3,12
2010,nyj,DixoMa00,Marcus Dixon,DE,Rook,1
2010,nyj,DucaVl20,Vlad Ducasse,G,Rook,0
2010,nyj,EdwaBr00,Braylon Edwards,WR,5,7
2010,nyj,ElliSh00,Shaun Ellis,LDE,10,8
2010,nyj,FergDB20,D'Brickashaw Ferguson,LT,4,8
2010,nyj,FolkNi20,Nick Folk,K,3,1
2010,nyj,GholVe99,Vernon Gholston,DE,2,2
2010,nyj,GilbJa99,Jarron Gilbert,DT,1,0
2010,nyj,GreeHo20,Howard Green,DT,8,0
2010,nyj,GreeSh00,Shonn Greene,RB,1,5
2010,nyj,HarrDa99,David Harris,RILB,3,9
2010,nyj,HartBe00,Ben Hartsock,TE,6,0
2010,nyj,HolmSa00,Santonio Holmes,WR,4,6
2010,nyj,HuntWa20,Wayne Hunter,T,6,3
2010,nyj,IhedJa00,James Ihedigbo,DB,2,1
2010,nyj,JenkKr00,Kris Jenkins,DT,9,0
2010,nyj,KellDu00,Dustin Keller,TE,2,5
2010,nyj,KrouMa00,Matt Kroul,DT,Rook,1
2010,nyj,LaurLa20,Lance Laury,LB,4,2
2010,nyj,LeonJi23,Jim Leonhard,SS,5,4
2010,nyj,LoweDw99,Dwight Lowery,DB,2,4
2010,nyj,MangNi20,Nick Mangold,C,4,12
2010,nyj,MaugJo00,Josh Mauga,LB,1,1
2010,nyj,McKnJo00,Joe McKnight,RB,Rook,1
2010,nyj,MoorBr20,Brandon Moore,RG,7,6
2010,nyj,MullMa00,Matthew Mulligan,TE,1,0
2010,nyj,PaceCa20,Calvin Pace,ROLB,7,7
2010,nyj,PoolBr20,Brodney Pool,FS,5,5
2010,nyj,PouhSi20,Sione Pouha,NT,5,10
2010,nyj,PrycTr00,Trevor Pryce,DE,13,1
2010,nyj,PurdTa00,Tanner Purdum,LS,1,1
2010,nyj,ReviDa99,Darrelle Revis,LCB,3,14
2010,nyj,RichTo00,Tony Richardson,FB,15,0
2010,nyj,SancMa00,Mark Sanchez,QB,1,9
2010,nyj,ScotBa20,Bart Scott,LILB,8,9
2010,nyj,SlauMa20,Matt Slauson,LG,1,6
2010,nyj,SmitBr01,Brad Smith,WR,4,4
2010,nyj,SmitEr22,Eric Smith,FS,4,3
2010,nyj,TaylJa03,Jason Taylor,ROLB,13,5
2010,nyj,ThomBr21,Bryan Thomas,LOLB,8,7
2010,nyj,TomlLa00,LaDainian Tomlinson,RB,9,8
2010,nyj,TrufIs00,Isaiah Trufant,DB,1,0
2010,nyj,TurnPa00,Patrick Turner,WR,1,0
2010,nyj,TurnRo22,Robert Turner,TE,3,1
2010,nyj,WeatSt20,Steve Weatherford,P,4,2
2010,nyj,WestJa99,Jamaal Westerman,DE,1,1
2010,nyj,WilsKy99,Kyle Wilson,DB,Rook,3
2010,nyj,WoodDa02,Danny Woodhead,RB,1,0
2010,nyj,WoodDa20,Damien Woody,RT,11,5
2010,buf,AndeAn23,Andre' Anderson,RB,Rook,0
2010,buf,AyodAk20,Akin Ayodele,LILB,8,4
2010,buf,BaloMi20,Mike Balogun,LB,Rook,0
2010,buf,BellDe20,Demetress Bell,LT,1,6
2010,buf,BrohBr00,Brian Brohm,QB,1,0
2010,buf,BrowLe00,Levi Brown,QB,Rook,0
2010,buf,ByrdJa99,Jairus Byrd,FS,1,5
2010,buf,CarrAl99,Alex Carrington,DE,Rook,1
2010,buf,CaulJe00,Jehuu Caulcrick,RB,Rook,0
2010,buf,ChanSc00,Scott Chandler,TE,3,0
2010,buf,ColeAn01,Antonio Coleman,DE,Rook,1
2010,buf,CornRe99,Reggie Corner,DB,2,1
2010,buf,CortJo20,Jon Corto,DB,2,0
2010,buf,DaviAn20,Andra Davis,LB,8,2
2010,buf,EdwaDw20,Dwan Edwards,RDE,6,5
2010,buf,EdwaTr01,Trent Edwards,QB,3,1
2010,buf,ElliCh99,Chris Ellis,DE,2,1
2010,buf,ElliKe20,Keith Ellison,LB,4,1
2010,buf,EvanLe00,Lee Evans,WR,6,5
2010,buf,FitzRy00,Ryan Fitzpatrick,QB,5,9
2010,buf,FlorDr20,Drayton Florence,RCB,7,5
2010,buf,GantQu00,Quinton Ganther,RB,4,0
2010,buf,GreeCo20,Cornell Green,RT,8,2
2010,buf,HangGe20,Geoff Hangartner,C,5,5
2010,buf,HarrCa99,Cary Harris,DB,1,0
2010,buf,HowaCo20,Cordaro Howard,T,Rook,2
2010,buf,HubbPa00,Paul Hubbard,WR,Rook,0
2010,buf,JackFr02,Fred Jackson,RB,3,7
2010,buf,JohnSp20,Spencer Johnson,RDE,6,4
2010,buf,JohnSt00,Stevie Johnson,WR,2,8
2010,buf,JoneDo00,Donald Jones,WR,Rook,2
2010,buf,KelsCh21,Chris Kelsay,LOLB,7,6
2010,buf,LeviAn20,Andy Levitre,LG,1,6
2010,buf,linderia01,Rian Lindell,K,10,2
2010,buf,LyncMa00,Marshawn Lynch,RB,3,1
2010,buf,MartDa00,David Martin,TE,9,0
2010,buf,MaybAa99,Aaron Maybin,DE,1,1
2010,buf,McCaJo22,John McCargo,DT,4,0
2010,buf,McGeTe99,Terrence McGee,DB,7,1
2010,buf,McInCo00,Corey McIntyre,FB,5,0
2010,buf,McKeLe99,Leodis McKelvin,LCB,2,4
2010,buf,MereJa20,Jamon Meredith,T,1,0
2010,buf,MoatAr00,Arthur Moats,LB,Rook,2
2010,buf,MoorBr24,Brian Moorman,P,9,2
2010,buf,NelsDa01,David Nelson,WR,Rook,3
2010,buf,NelsSh00,Shawn Nelson,TE,1,0
2010,buf,ParrRo00,Roscoe Parrish,WR,5,3
2010,buf,PearEr20,Erik Pears,T,4,1
2010,buf,PoluPa99,Paul Posluszny,RILB,3,6
2010,buf,RineCh20,Chad Rinehart,G,1,2
2010,buf,RoosNa00,Naaman Roosevelt,WR,Rook,1
2010,buf,SanbGa00,Garrison Sanborn,LS,1,2
2010,buf,ScotBr20,Bryan Scott,DB,7,1
2010,buf,SpilC.00,C.J. Spiller,RB,Rook,4
2010,buf,StroMa01,Marcus Stroud,LDE,9,6
2010,buf,StupJo00,Jonathan Stupar,TE,1,1
2010,buf,TorbRe20,Reggie Torbor,ROLB,6,3
2010,buf,TrouTo00,Torell Troup,DT,Rook,2
2010,buf,UrbiKr20,Kraig Urbik,G,1,1
2010,buf,WangEd20,Ed Wang,T,Rook,0
2010,buf,WhitDo20,Donte Whitner,SS,4,5
2010,buf,WillKy20,Kyle Williams,NT,4,12
2010,buf,WillTh99,Thomas Williams,LB,2,0
2010,buf,WilsGe01,George Wilson,WR,5,2
2010,buf,WoodEr20,Eric Wood,RG,1,6
2010,buf,WoodPi20,Pierre Woods,LB,4,0
2010,buf,WrotMa20,Mansfield Wrotto,RT,2,3
2010,buf,YoubAs20,Ashton Youboty,DB,4,1
2010,min,AbduHu99,Husain Abdullah,SS,2,6
2010,min,AlleAs99,Asher Allen,RCB,1,5
2010,min,AlleJa22,Jared Allen,RDE,6,10
2010,min,BaskHa00,Hank Baskett,WR,4,0
2010,min,BerrBe00,Bernard Berrian,WR,6,2
2010,min,BookLo00,Lorenzo Booker,RB,3,0
2010,min,BrinJa99,Jasper Brinkley,LB,1,1
2010,min,CamaGr00,Greg Camarillo,WR,4,2
2010,min,CookCh99,Chris Cook,DB,Rook,2
2010,min,CookRy20,Ryan Cook,RG,4,3
2010,min,CoopJo21,Jon Cooper,C,1,1
2010,min,DeGeCh20,Chris DeGeare,LG,Rook,2
2010,min,DugaJe00,Jeff Dugan,TE,6,0
2010,min,EdwaRa21,Ray Edwards,LDE,4,7
2010,min,EvanFr21,Fred Evans,DT,4,1
2010,min,FarwHe20,Heath Farwell,LB,5,1
2010,min,FavrBr00,Brett Favre,QB,19,5
2010,min,FramEr99,Eric Frampton,DB,3,1
2010,min,GerhTo00,Toby Gerhart,RB,Rook,3
2010,min,GreeCh99,Chad Greenway,LLB,3,9
2010,min,GrifEv99,Everson Griffen,DE,Rook,1
2010,min,GrifCe20,Cedric Griffin,DB,4,1
2010,min,GuioLe99,Letroy Guion,DT,2,2
2010,min,HarvPe00,Percy Harvin,WR,1,9
2010,min,HendE.20,E.J. Henderson,MLB,7,11
2010,min,HendEr99,Erin Henderson,LB,2,1
2010,min,HerrAn20,Anthony Herrera,RG,5,4
2010,min,HutcSt00,Steve Hutchinson,LG,9,4
2010,min,JackTa00,Tarvaris Jackson,QB,4,1
2010,min,JohnTy99,Tyrell Johnson,DB,2,1
2010,min,KennJi21,Jimmy Kennedy,DT,7,1
2010,min,KleiJi00,Jim Kleinsasser,FB,11,1
2010,min,KluwCh20,Chris Kluwe,P,5,2
2010,min,LebeBe20,Ben Leber,RLB,8,5
2010,min,LewiGr01,Greg Lewis,WR,7,2
2010,min,LoadPh20,Phil Loadholt,RT,1,6
2010,min,LoefCu20,Cullen Loeffler,LS,6,2
2010,min,longwrya01,Ryan Longwell,K,13,4
2010,min,McKiBr21,Bryant McKinnie,LT,8,6
2010,min,MitcJa20,Jayme Mitchell,DE,4,0
2010,min,MossRa00,Randy Moss,WR,12,1
2010,min,OnatKe00,Kenny Onatolu,LB,1,1
2010,min,PeteAd01,Adrian Peterson,RB,3,11
2010,min,RiceSi01,Sidney Rice,WR,3,2
2010,min,RobiBr98,Brian Robison,DE,3,3
2010,min,SanfJa99,Jamarca Sanford,DB,1,2
2010,min,ShepLi99,Lito Sheppard,DB,8,1
2010,min,SherMa20,Marcus Sherels,DB,Rook,0
2010,min,ShiaVi00,Visanthe Shiancoe,TE,7,4
2010,min,SullJo24,John Sullivan,C,2,5
2010,min,TahiNa00,Naufahu Tahi,FB,3,0
2010,min,WalkFr20,Frank Walker,DB,7,2
2010,min,WebbJo00,Joe Webb,QB,Rook,2
2010,min,WillKe98,Kevin Williams,RDT,7,10
2010,min,WillMa20,Madieu Williams,FS,6,5
2010,min,WillPa20,Pat Williams,LDT,13,7
2010,min,WinfAn20,Antoine Winfield,LCB,11,10
2010,min,YounAl01,Albert Young,RB,1,0
2010,gnb,BarnNi20,Nick Barnett,LB,7,2
2010,gnb,BigbAt20,Atari Bigby,DB,5,1
2010,gnb,BishDe99,Desmond Bishop,RILB,3,8
2010,gnb,BrigDi99,Diyral Briggs,LB,1,0
2010,gnb,BulaBr20,Bryan Bulaga,RT,Rook,7
2010,gnb,BurnMo99,Morgan Burnett,DB,Rook,2
2010,gnb,BushJa20,Jarrett Bush,DB,4,2
2010,gnb,ChilBr20,Brandon Chillar,LB,6,2
2010,gnb,ClifCh20,Chad Clifton,LT,10,12
2010,gnb,CollDa20,Daryn Colledge,LG,4,9
2010,gnb,CollNi20,Nick Collins,FS,5,12
2010,gnb,CrabTo00,Tom Crabtree,TE,1,1
2010,gnb,CrosMa20,Mason Crosby,K,3,3
2010,gnb,DrivDo00,Donald Driver,WR,11,5
2010,gnb,FinlJe00,Jermichael Finley,TE,2,3
2010,gnb,FlynMa00,Matt Flynn,QB,2,1
2010,gnb,FranRo99,Rob Francois,LB,Rook,1
2010,gnb,GoodBr99,Brett Goode,LB,2,2
2010,gnb,GordJo01,Josh Gordy,DB,Rook,0
2010,gnb,GranRy00,Ryan Grant,RB,3,0
2010,gnb,GreeHo20,Howard Green,DT,8,2
2010,gnb,HallKo99,Korey Hall,FB,3,0
2010,gnb,HarrJu99,Justin Harrell,DT,3,0
2010,gnb,HavnSp00,Spencer Havner,LB,2,0
2010,gnb,HawkA.20,A.J. Hawk,LILB,4,9
2010,gnb,JackBr00,Brandon Jackson,RB,3,8
2010,gnb,JenkCu20,Cullen Jenkins,RDE,6,5
2010,gnb,JennGr00,Greg Jennings,WR,4,11
2010,gnb,JohnQu00,Quinn Johnson,RB,1,0
2010,gnb,JoneBr99,Brad Jones,ROLB,1,3
2010,gnb,JoneJa04,James Jones,WR,3,6
2010,gnb,KuhnJo00,John Kuhn,FB,4,3
2010,gnb,LangT.20,T.J. Lang,G,1,1
2010,gnb,LeexDo00,Donald Lee,TE,7,1
2010,gnb,LeexPa99,Pat Lee,DB,2,1
2010,gnb,MartDe22,Derrick Martin,DB,4,1
2010,gnb,MastTi99,Tim Masthay,P,1,2
2010,gnb,MattCl99,Clay Matthews,LOLB,1,17
2010,gnb,MontMi20,Mike Montgomery,DT,5,0
2010,gnb,NancDi00,Dimitri Nance,RB,Rook,1
2010,gnb,NealMi99,Mike Neal,LB,Rook,0
2010,gnb,NelsJo00,Jordy Nelson,WR,2,5
2010,gnb,PeprCh20,Charlie Peprah,SS,4,5
2010,gnb,PickRy20,Ryan Pickett,LDE,9,7
2010,gnb,PoppBr20,Brady Poppinga,LB,5,1
2010,gnb,QuarAn00,Andrew Quarless,TE,Rook,2
2010,gnb,RajiBJ99,B.J. Raji,NT,1,9
2010,gnb,RodgAa00,Aaron Rodgers,QB,5,15
2010,gnb,ShieSa00,Sam Shields,DB,Rook,3
2010,gnb,SimpMa00,Maurice Simpkins,LB,Rook,0
2010,gnb,SittJo20,Josh Sitton,RG,2,9
2010,gnb,SmitAn21,Anthony Smith,DB,4,0
2010,gnb,SpitJa20,Jason Spitz,G,4,2
2010,gnb,StarJa00,James Starks,RB,Rook,1
2010,gnb,SwaiBr00,Brett Swain,WR,1,1
2010,gnb,TausMa20,Mark Tauscher,T,10,2
2010,gnb,UndeBr99,Brandon Underwood,DB,1,1
2010,gnb,WaldEr99,Erik Walden,LB,2,2
2010,gnb,WellSc20,Scott Wells,C,6,9
2010,gnb,WilhMa20,Matt Wilhelm,LB,7,1
2010,gnb,WillTr99,Tramon Williams,RCB,3,12
2010,gnb,WilsC.98,C.J. Wilson,DE,Rook,2
2010,gnb,WoodCh00,Charles Woodson,LCB,12,14
2010,gnb,WynnJa99,Jarius Wynn,DE,1,1
2010,gnb,ZombFr00,Frank Zombo,ROLB,Rook,5
2010,chi,AdamAn20,Anthony Adams,RDT,7,8
2010,chi,AndeMa21,Mark Anderson,DE,4,1
2010,chi,AromDe00,Devin Aromashodu,WR,3,1
2010,chi,AsiaJo20,Johan Asiata,G,Rook,0
2010,chi,BennEa00,Earl Bennett,WR,2,5
2010,chi,BowmZa20,Zackary Bowman,DB,2,2
2010,chi,BrigLa99,Lance Briggs,LLB,7,12
2010,chi,BullJo20,Josh Bullocks,DB,5,1
2010,chi,ClarDe00,Desmond Clark,TE,11,0
2010,chi,CollTo00,Todd Collins,QB,15,0
2010,chi,CutlJa00,Jay Cutler,QB,4,12
2010,chi,DaviKe01,Kellen Davis,TE,2,0
2010,chi,DaviRa00,Rashied Davis,WR,5,2
2010,chi,FortMa00,Matt Forte,RB,2,13
2010,chi,GarzRo20,Roberto Garza,RG/LG,9,6
2010,chi,gouldrob01,Robbie Gould,K,5,3
2010,chi,GrahCo99,Corey Graham,DB,3,1
2010,chi,HaniCa00,Caleb Hanie,QB,1,0
2010,chi,HarrCh20,Chris Harris,FS,5,11
2010,chi,HarrTo99,Tommie Harris,LDT,6,4
2010,chi,HarrMa98,Marcus Harrison,DT,2,0
2010,chi,HestDe99,Devin Hester,WR,4,8
2010,chi,HillHu20,Hunter Hillenmeyer,LB,7,0
2010,chi,IdonIs20,Israel Idonije,LDE,6,8
2010,chi,IwuhBr20,Brian Iwuh,LB,4,2
2010,chi,JennTi20,Tim Jennings,LCB,4,5
2010,chi,KnoxJo00,Johnny Knox,WR,1,9
2010,chi,KreuOl00,Olin Kreutz,C,12,7
2010,chi,LouiLa20,Lance Louis,G,Rook,3
2010,chi,MannPa20,Patrick Mannelly,T,12,1
2010,chi,MannDa21,Danieal Manning,SS,4,6
2010,chi,ManuBr00,Brandon Manumaleuna,TE,9,0
2010,chi,MaynBr20,Brad Maynard,P,13,1
2010,chi,MeltHe99,Henry Melton,DE,1,2
2010,chi,MoorDJ99,D.J. Moore,DB,1,2
2010,chi,MoorJo99,Joshua Moore,DB,Rook,0
2010,chi,OlseGr00,Greg Olsen,TE,3,4
2010,chi,OmiyFr20,Frank Omiyale,LT,4,7
2010,chi,PeppJu99,Julius Peppers,RDE,8,18
2010,chi,RoacNi99,Nick Roach,RLB,3,3
2010,chi,ShafKe20,Kevin Shaffer,T,8,2
2010,chi,StelCr99,Craig Steltz,DB,2,1
2010,chi,TaylCh01,Chester Taylor,RB,8,3
2010,chi,TillCh20,Charles Tillman,RCB,7,7
2010,chi,TinoPi20,Pisa Tinoisamoa,RLB/MLB,7,5
2010,chi,ToeaMa99,Matt Toeaina,LDT,3,6
2010,chi,TurnBa01,Barry Turner,DT,Rook,0
2010,chi,UrlaBr00,Brian Urlacher,MLB,10,15
2010,chi,WebbJM20,J'Marcus Webb,RT,Rook,5
2010,chi,WillCh03,Chris Williams,LG,2,6
2010,chi,WillEd02,Edwin Williams,C,1,1
2010,chi,WilsRo20,Rod Wilson,DB,4,2
2010,chi,WolfGa00,Garrett Wolfe,RB,3,0
2010,chi,WootCo99,Corey Wootton,DE,Rook,1
2010,chi,WrigMa99,Major Wright,DB,Rook,1
2010,det,AvriCl99,Cliff Avril,LDE,2,6
2010,det,BackJe20,Jeff Backus,LT,9,7
2010,det,BerrAa00,Aaron Berry,DB,Rook,1
2010,det,BestJa00,Jahvid Best,RB,Rook,8
2010,det,BrowAa00,Aaron Brown,RB,1,1
2010,det,BrowC.20,C.C. Brown,SS,5,3
2010,det,BurlNa00,Nate Burleson,WR,7,6
2010,det,CampCa00,Caleb Campbell,DB,Rook,0
2010,det,CarpBo20,Bobby Carpenter,LB,4,2
2010,det,CherGo20,Gosder Cherilus,RT,2,5
2010,det,CiurVi20,Vinny Ciurciu,LB,7,1
2010,det,ClarBr00,Brian Clark,WR,4,0
2010,det,DelmLo99,Louis Delmas,FS,1,5
2010,det,EkejIs20,Isaiah Ekejiuba,LB,5,1
2010,det,FeltJe00,Jerome Felton,RB,2,1
2010,det,FlueAn99,Andre Fluellen,DT,2,1
2010,det,FollZa99,Zack Follett,LB,1,1
2010,det,FoxxJa20,Jason Fox,T,Rook,0
2010,det,GandDy20,Dylan Gandy,G,5,1
2010,det,hansojas01,Jason Hanson,K,18,3
2010,det,HarrNi20,Nick Harris,P,9,3
2010,det,HavnSp00,Spencer Havner,LB,2,0
2010,det,HellWi00,Will Heller,TE,7,0
2010,det,HillSa99,Sammie Lee Hill,DT,1,2
2010,det,HillSh00,Shaun Hill,QB,5,8
2010,det,HillTy20,Tye Hill,DB,4,0
2010,det,HillCo21,Corey Hilliard,T,3,3
2010,det,HousCh99,Chris Houston,LCB,3,5
2010,det,JackLa98,Lawrence Jackson,DE,2,2
2010,det,JohnBr02,Bryant Johnson,WR,7,2
2010,det,JohnCa00,Calvin Johnson,WR,3,10
2010,det,JohnLa20,Landon Johnson,LLB,6,4
2010,det,KingEr20,Eric King,DB,5,0
2010,det,LevyDe99,DeAndre Levy,MLB,1,6
2010,det,LogaSt00,Stefan Logan,RB,1,2
2010,det,McBrTu99,Turk McBride,RDE,3,4
2010,det,McDoBr99,Brandon McDonald,DB,3,1
2010,det,MillPr00,Prince Miller,DB,Rook,0
2010,det,MorrMa00,Maurice Morris,RB,8,4
2010,det,MuhlDo20,Don Muhlbach,LS,6,2
2010,det,PalmAs99,Ashlee Palmer,LLB,1,3
2010,det,PeteSt20,Stephen Peterman,RG,5,7
2010,det,PeteJu00,Julian Peterson,RLB,10,6
2010,det,PettBr00,Brandon Pettigrew,TE,1,6
2010,det,PhilRa99,Randy Phillips,DB,Rook,0
2010,det,PratPa20,Paul Pratt,DB,Rook,0
2010,det,RaioDo20,Dominic Raiola,C,9,7
2010,det,raynedav01,Dave Rayner,K,5,2
2010,det,ScheTo00,Tony Scheffler,TE,4,3
2010,det,SimsRo20,Rob Sims,LG,4,7
2010,det,SmitAl98,Alphonso Smith,RCB,1,5
2010,det,SmitKe02,Kevin Smith,RB,2,2
2010,det,SpieAm99,Amari Spievey,SS,Rook,3
2010,det,StafMa00,Matthew Stafford,QB,1,2
2010,det,StanDr00,Drew Stanton,QB,2,3
2010,det,SuhxNd99,Ndamukong Suh,LDT,Rook,15
2010,det,VandKy99,Kyle Vanden Bosch,RDE,9,5
2010,det,VashNa99,Nathan Vasher,RCB,6,2
2010,det,WadeJo99,Jonathan Wade,DB,3,2
2010,det,WendJo99,John Wendling,DB,3,1
2010,det,WeslDa20,Dante Wesley,DB,8,0
2010,det,WillCo21,Corey Williams,RDT,6,7
2010,det,WillDe05,Derrick Williams,WR,1,0
2010,det,YounWi99,Willie Young,DE,Rook,0
2010,tam,AndeVi00,Vince Anderson,DB,Rook,0
2010,tam,AsanLa99,Larry Asante,DB,Rook,0
2010,tam,BarbRo00,Ronde Barber,RCB,13,7
2010,tam,BarkWi20,Will Barker,T,Rook,0
2010,tam,barthco01,Connor Barth,K,2,3
2010,tam,BennAr00,Arrelious Benn,WR,Rook,4
2010,tam,BennMi99,Michael Bennett,DE,1,2
2010,tam,BiggE.99,E.J. Biggers,LCB,1,3
2010,tam,BlacQu99,Quincy Black,LLB,3,5
2010,tam,BlouLe00,LeGarrette Blount,RB,Rook,7
2010,tam,BrisDe00,Dezmon Briscoe,WR,Rook,1
2010,tam,BryaCh01,Chris Bryan,P,Rook,0
2010,tam,CartBr20,Brandon Carter,G,Rook,0
2010,tam,CrowTi99,Tim Crowder,LDE,3,5
2010,tam,EconAn20,Andrew Economos,LS,4,2
2010,tam,FainJe20,Jeff Faine,C,7,4
2010,tam,FreeJo00,Josh Freeman,QB,1,13
2010,tam,GilmJo00,John Gilmore,TE,8,1
2010,tam,GrahEa00,Earnest Graham,RB,6,2
2010,tam,GrimCo99,Cody Grimm,FS,Rook,4
2010,tam,HardDe00,Derek Hardman,T,Rook,3
2010,tam,HarrDo21,Dominique Harris,DB,Rook,0
2010,tam,HayeGe98,Geno Hayes,RLB,2,8
2010,tam,HaywAd98,Adam Hayward,LB,3,3
2010,tam,HuggKa00,Kareem Huggins,RB,1,0
2010,tam,JackTa99,Tanard Jackson,DB,3,1
2010,tam,JohnJo05,Josh Johnson,QB,1,1
2010,tam,JoneSe20,Sean Jones,SS,5,7
2010,tam,JoseDa20,Davin Joseph,RG,4,6
2010,tam,KoutNi20,Niko Koutouvides,LB,6,1
2010,tam,LarsTe20,Ted Larsen,LG,Rook,6
2010,tam,LeexJa22,James Lee,RT,2,5
2010,tam,LewiMy99,Myron Lewis,DB,Rook,1
2010,tam,LoriEr99,Erik Lorig,TE,Rook,1
2010,tam,LumpKr00,Kregg Lumpkin,RB,2,0
2010,tam,LyncCo99,Corey Lynch,FS,2,3
2010,tam,MackEl20,Elbert Mack,WR,2,1
2010,tam,MageAl99,Alex Magee,DT,1,1
2010,tam,MaloRo00,Robert Malone,P,Rook,1
2010,tam,McCoGe99,Gerald McCoy,LDT,Rook,6
2010,tam,McKeTy99,Tyrone McKenzie,LB,Rook,0
2010,tam,MillRo99,Roy Miller,RDT,1,7
2010,tam,MoorKy99,Kyle Moore,LDE,1,4
2010,tam,OkamFr99,Frank Okam,DT,2,2
2010,tam,ParkPr00,Preston Parker,WR,1,0
2010,tam,PennDo20,Donald Penn,LT,3,11
2010,tam,PiscSa99,Sabby Piscitelli,S,3,2
2010,tam,PresCh00,Chris Pressley,RB,1,0
2010,tam,PricBr99,Brian Price,DT,Rook,0
2010,tam,PurvRy00,Ryan Purvis,TE,Rook,0
2010,tam,RaioDo00,Donovan Raiola,C,Rook,0
2010,tam,RuudBa20,Barrett Ruud,MLB,5,8
2010,tam,SimsRy20,Ryan Sims,DT,8,1
2010,tam,SpurMi00,Micheal Spurlock,WR,4,3
2010,tam,StevJe00,Jerramy Stevens,TE,8,0
2010,tam,StovMa00,Maurice Stovall,WR,4,1
2010,tam,StroSa00,Sammie Stroughter,WR,1,2
2010,tam,TaliAq99,Aqib Talib,LCB,2,6
2010,tam,TrueJe20,Jeremy Trueblood,RT,4,4
2010,tam,VincKe20,Keydrick Vincent,LG,9,3
2010,tam,WatsDe99,Dekoda Watson,LB,Rook,2
2010,tam,WhitGr99,Stylez G. White,RDE,3,6
2010,tam,WillCa02,Cadillac Williams,RB,5,6
2010,tam,WillMi04,Mike Williams,WR,Rook,9
2010,tam,WinsKe01,Kellen Winslow,TE,6,7
2010,tam,WoodAl99,Al Woods,DT,Rook,1
2010,tam,ZuttJe20,Jeremy Zuttah,C,2,5
2010,nor,ArnoSt99,Stanley Arnoux,LB,Rook,1
2010,nor,ArriAd00,Adrian Arrington,WR,Rook,1
2010,nor,AsioK.00,K.C. Asiodu,LB,1,0
2010,nor,AyodRe99,Remi Ayodele,LDT,3,6
2010,nor,BettLa00,Ladell Betts,RB,8,2
2010,nor,BreeDr00,Drew Brees,QB,9,14
2010,nor,BrowAl20,Alex Brown,LDE,8,7
2010,nor,BrowCh28,Charles Brown,T,Rook,0
2010,nor,BushRe00,Reggie Bush,RB,4,3
2010,nor,BushJe20,Jermon Bushrod,LT,3,8
2010,nor,carnejoh01,John Carney,K,22,0
2010,nor,CharJe99,Jeff Charleston,DE,3,2
2010,nor,ClarDa21,Danny Clark,LLB,10,4
2010,nor,ColsMa00,Marques Colston,WR,4,9
2010,nor,DaniCh00,Chase Daniel,QB,1,0
2010,nor,DresJu20,Justin Drescher,LS,Rook,0
2010,nor,DunbJo20,Jo-Lonn Dunbar,LLB,2,4
2010,nor,ElliSe99,Sedrick Ellis,RDT,2,7
2010,nor,EvanHe00,Heath Evans,FB,9,0
2010,nor,EvanJa21,Jahri Evans,RG,4,15
2010,nor,GaleJu00,Junior Galette,DE,1,0
2010,nor,GayxRa20,Randall Gay,DB,6,0
2010,nor,GiorMa20,Matt Giordano,DB,5,1
2010,nor,GoodJo23,Jonathan Goodwin,C,8,8
2010,nor,GrahJi00,Jimmy Graham,TE,Rook,3
2010,nor,GreeJa22,Jabari Greer,LCB,6,6
2010,nor,HargAn20,Anthony Hargrove,DE,6,1
2010,nor,HarpRo21,Roman Harper,SS,4,9
2010,nor,HartGa00,Garrett Hartley,K,2,2
2010,nor,HendDe00,Devery Henderson,WR,6,4
2010,nor,HumbRa00,Ramon Humber,LB,1,0
2010,nor,HumpTo00,Tory Humphrey,TE,5,0
2010,nor,IngrJa20,Jake Ingram,LS,1,0
2010,nor,IvorCh00,Chris Ivory,RB,1,5
2010,nor,JenkMa99,Malcolm Jenkins,FS,1,12
2010,nor,JoneJu01,Julius Jones,RB,6,2
2010,nor,KyleJa20,Jason Kyle,LB,15,2
2010,nor,MeacRo00,Robert Meachem,WR,2,6
2010,nor,MitcKa20,Kawika Mitchell,LB,7,0
2010,nor,MitcMa99,Marvin Mitchell,LB,3,2
2010,nor,MoorLa00,Lance Moore,WR,4,7
2010,nor,MorsTh00,Thomas Morstead,P,1,3
2010,nor,NickCa20,Carl Nicks,LG,2,13
2010,nor,PortTr99,Tracy Porter,RCB,2,6
2010,nor,PrioPi20,Pierson Prioleau,DB,11,1
2010,nor,ReisCh99,Chris Reis,DB,3,0
2010,nor,RobiPa99,Patrick Robinson,DB,Rook,2
2010,nor,RobyCo00,Courtney Roby,WR,5,0
2010,nor,ShanSc20,Scott Shanle,RLB,7,6
2010,nor,SharDa00,Darren Sharper,DB,13,6
2010,nor,ShocJe00,Jeremy Shockey,TE,8,4
2010,nor,SmitWi99,Will Smith,RDE,6,7
2010,nor,StinJo20,Jon Stinchcomb,RT,7,8
2010,nor,StriZa20,Zach Strief,G,4,2
2010,nor,TennMa20,Matt Tennant,C,Rook,1
2010,nor,ThomDa02,David Thomas,TE,4,2
2010,nor,ThomPi00,Pierre Thomas,RB,3,4
2010,nor,TorrLe20,Leigh Torrence,DB,5,1
2010,nor,VilmJo99,Jonathan Vilma,MLB,6,9
2010,nor,WateAn00,Anthony Waters,LB,2,1
2010,nor,WilkJi20,Jimmy Wilkerson,DE,7,2
2010,nor,WynnDe00,DeShawn Wynn,RB,3,0
2010,nor,YounUs99,Usama Young,DB,3,2
2010,atl,AbraJo00,John Abraham,LDE,10,16
2010,atl,AdkiSp99,Spencer Adkins,LB,1,1
2010,atl,AndeJa98,Jamaal Anderson,DE,3,3
2010,atl,BabiJo20,Jonathan Babineaux,LDT,5,8
2010,atl,BakeSa21,Sam Baker,LT,2,8
2010,atl,BierKr99,Kroy Biermann,RDE,2,8
2010,atl,BlalJu20,Justin Blalock,LG,3,8
2010,atl,BrugRo20,Rob Bruggeman,C,Rook,0
2010,atl,bryanmat01,Matt Bryant,K,8,4
2010,atl,ClabTy20,Tyson Clabo,RT,4,10
2010,atl,ColeEr21,Erik Coleman,DB,6,1
2010,atl,DahlHa20,Harvey Dahl,RG,4,8
2010,atl,DaviCh22,Chauncey Davis,DE,5,3
2010,atl,DeCoTh99,Thomas DeCoud,FS,2,6
2010,atl,DougHa00,Harry Douglas,WR,2,3
2010,atl,FinnBr00,Brian Finneran,WR,11,2
2010,atl,FranDo99,Dominique Franks,DB,Rook,0
2010,atl,GonzTo00,Tony Gonzalez,TE,13,8
2010,atl,GrimBr20,Brent Grimes,LCB,3,10
2010,atl,HawlJo20,Joe Hawley,C,Rook,1
2010,atl,JenkMi00,Michael Jenkins,WR,6,6
2010,atl,JerrPe99,Peria Jerry,DT,1,1
2010,atl,JohnGa01,Gartrell Johnson,RB,1,0
2010,atl,koenemic01,Michael Koenen,P,5,1
2010,atl,LewiTr99,Trey Lewis,DT,3,0
2010,atl,LoftCu99,Curtis Lofton,MLB,2,8
2010,atl,McClTo20,Todd McClure,C,10,8
2010,atl,MoorWi99,William Moore,SS,1,7
2010,atl,MughOv00,Ovie Mughelli,FB,7,2
2010,atl,NichSt99,Stephen Nicholas,LLB,3,6
2010,atl,NorwJe00,Jerious Norwood,RB,4,0
2010,atl,OwenCh99,Chris Owens,DB,1,2
2010,atl,PalmMi00,Michael Palmer,TE,Rook,0
2010,atl,PeelJu00,Justin Peelle,TE,8,1
2010,atl,PeteCo00,Corey Peters,RDT,Rook,7
2010,atl,PeteMi20,Mike Peterson,RLB,11,7
2010,atl,RedmCh00,Chris Redman,QB,10,0
2010,atl,RobiDu20,Dunta Robinson,RCB,6,6
2010,atl,RyanMa00,Matt Ryan,QB,2,16
2010,atl,SchiSh99,Shann Schillinger,DB,Rook,1
2010,atl,SidbLa99,Lawrence Sidbury,DE,1,0
2010,atl,SmitAn01,Antone Smith,RB,1,0
2010,atl,SnelJa00,Jason Snelling,RB,3,6
2010,atl,SvitWi20,Will Svitek,T,5,1
2010,atl,TurnMi00,Michael Turner,RB,6,13
2010,atl,WalkVa99,Vance Walker,DT,1,2
2010,atl,WeatSe99,Sean Weatherspoon,LLB,Rook,3
2010,atl,WeemEr00,Eric Weems,WR,3,3
2010,atl,WhitRo00,Roddy White,WR,5,16
2010,atl,WillBr22,Brian Williams,DB,8,2
2010,atl,WireCo20,Coy Wire,DB,8,3
2010,atl,ZeleJo00,Joe Zelenka,LS,11,1
2010,car,AlexGe99,Gerald Alexander,DB,3,0
2010,car,AndeJa21,James Anderson,LLB,4,8
2010,car,BakeJa20,Jason Baker,P,9,2
2010,car,BarnGa01,Gary Barnidge,TE,2,0
2010,car,BeasJo99,Jon Beason,RLB/MLB,3,10
2010,car,BernMa20,Mackenzy Bernadeau,LG/RG,1,4
2010,car,BrayTy20,Tyler Brayton,RDE,7,6
2010,car,BrowEv99,Everette Brown,DE,1,3
2010,car,CartTo21,Todd Carter,K,Rook,0
2010,car,ClauJi00,Jimmy Clausen,QB,Rook,0
2010,car,ClowDa00,David Clowney,WR,2,1
2010,car,ConnDa99,Dan Connor,MLB,2,4
2010,car,DaviC.20,C.J. Davis,G,Rook,0
2010,car,DuckTi20,Tim Duckworth,G,Rook,0
2010,car,EdwaAr00,Armanti Edwards,QB,Rook,0
2010,car,FiamTo00,Tony Fiammetta,FB,1,0
2010,car,GambCh20,Chris Gamble,LCB,6,3
2010,car,GettDa00,David Gettis,WR,Rook,3
2010,car,GodfCh99,Charles Godfrey,SS,2,6
2010,car,GoodMi00,Mike Goodson,RB,1,4
2010,car,GrosJo20,Jordan Gross,LT,7,6
2010,car,HardGr99,Greg Hardy,DE,Rook,2
2010,car,HarrNi99,Nic Harris,DB,1,3
2010,car,HaydNi99,Nick Hayden,LDT,2,5
2010,car,HodgAb20,Abdul Hodge,LB,4,0
2010,car,HudsMa20,Marcus Hudson,DB,4,1
2010,car,IrviCo99,Corvey Irvin,DT,Rook,0
2010,car,JackRa23,Rashawn Jackson,RB,Rook,0
2010,car,JansJ.00,J.J. Jansen,LS,1,2
2010,car,JarrDw00,Dwayne Jarrett,WR,3,0
2010,car,JohnCh98,Charles Johnson,LDE,3,8
2010,car,JohnEd99,Edward Johnson,LDT,3,3
2010,car,KaliRy20,Ryan Kalil,C,3,6
2010,car,kasayjoh01,John Kasay,K,19,4
2010,car,KingJe00,Jeff King,TE,4,1
2010,car,LaFeBr00,Brandon LaFell,WR,Rook,3
2010,car,LandDe99,Derek Landri,RDT,3,7
2010,car,LeonLo99,Louis Leonard,DT,3,0
2010,car,LloyRh44,Rhys Lloyd,K,3,0
2010,car,MarsRi20,Richard Marshall,RCB,4,6
2010,car,MartCh00,Charly Martin,WR,1,0
2010,car,MartSh99,Sherrod Martin,FS,1,5
2010,car,McClRo98,Robert McClain,DB,Rook,1
2010,car,MoorMa01,Matt Moore,QB,3,2
2010,car,MorrCh21,Chris Morris,C,4,0
2010,car,MunnCa99,Captain Munnerlyn,LCB,1,3
2010,car,NeblAn00,Andre Neblett,DT,Rook,1
2010,car,NorwEr99,Eric Norwood,LB,Rook,1
2010,car,PetiRo20,Rob Petitti,T,5,0
2010,car,PikeTo00,Tony Pike,QB,Rook,0
2010,car,PughJo99,Jordan Pugh,DB,Rook,2
2010,car,RosaDa00,Dante Rosario,TE,3,1
2010,car,SchwGe20,Geoff Schwartz,RG/RT,1,5
2010,car,SennJo00,Jordan Senn,LB,2,1
2010,car,SmitSt01,Steve Smith Sr.,WR,9,3
2010,car,St.PBr20,Brian St. Pierre,QB,6,0
2010,car,StewJo00,Jonathan Stewart,RB,2,4
2010,car,SuttTy00,Tyrell Sutton,RB,1,1
2010,car,ThomDe02,Devin Thomas,WR,2,0
2010,car,VaugJo01,Josh Vaughan,RB,Rook,0
2010,car,WharTr20,Travelle Wharton,LG,6,3
2010,car,WillDe02,DeAngelo Williams,RB,4,2
2010,car,WillGa23,Garry Williams,RT,1,3
2010,car,WillJa21,Jamar Williams,LB,4,0
2010,car,WillJa95,Jason Williams,LB,1,1
2010,car,WilsC.99,C.J. Wilson,DB,3,1
2010,dal,AndeDe01,Deon Anderson,FB,3,0
2010,dal,AustMi00,Miles Austin,WR,4,10
2010,dal,BallAl99,Alan Ball,FS,3,5
2010,dal,BarbMa01,Marion Barber III,RB,5,3
2010,dal,BarrAl20,Alex Barron,T,5,1
2010,dal,BennMa00,Martellus Bennett,TE,2,2
2010,dal,BoweSt20,Stephen Bowen,LDE,4,4
2010,dal,BrenJo00,Josh Brent,DT,Rook,1
2010,dal,BrewRo20,Robert Brewster,G,Rook,0
2010,dal,BrooKe00,Keith Brooking,RILB,12,6
2010,dal,BryaDe01,Dez Bryant,WR,Rook,7
2010,dal,BuehDa44,David Buehler,K,1,2
2010,dal,ButlVi99,Victor Butler,LB,1,1
2010,dal,ChanSc00,Scott Chandler,TE,3,0
2010,dal,ChoiTa00,Tashard Choice,RB,2,3
2010,dal,ChurBa99,Barry Church,DB,Rook,1
2010,dal,ClarJe01,Jeremy Clark,DT,2,0
2010,dal,ColoMa20,Marc Colombo,RT,8,7
2010,dal,CostPh00,Phil Costa,G/C,Rook,1
2010,dal,CummKe20,Kenwin Cummings,DE,1,0
2010,dal,DaviLe21,Leonard Davis,RG,9,8
2010,dal,FreeDo20,Doug Free,LT,3,8
2010,dal,GeatCl99,Clifton Geathers,DE,Rook,0
2010,dal,GronCh00,Chris Gronkowski,FB,Rook,0
2010,dal,GuroAn20,Andre Gurode,C,8,10
2010,dal,HamlMi99,Michael Hamlin,DB,1,0
2010,dal,HatcJa20,Jason Hatcher,DE,4,1
2010,dal,HollMo20,Montrae Holland,G,7,2
2010,dal,HollJe00,Jesse Holley,WR,1,0
2010,dal,HurdSa00,Sam Hurd,WR,4,1
2010,dal,JameBr20,Bradie James,LILB,7,7
2010,dal,JenkMi99,Mike Jenkins,RCB,2,5
2010,dal,JohnMa04,Manuel Johnson,WR,Rook,0
2010,dal,JoneFe00,Felix Jones,RB,2,9
2010,dal,KitnJo00,Jon Kitna,QB,13,8
2010,dal,KosiKy20,Kyle Kosier,LG,8,6
2010,dal,LadoL.20,L.P. Ladouceur,DE,5,1
2010,dal,LeexSe99,Sean Lee,LB,Rook,2
2010,dal,LissSe99,Sean Lissemore,NT,Rook,0
2010,dal,McBrMa20,Mat McBriar,P,6,3
2010,dal,McCaBr01,Bryan McCann,DB,Rook,2
2010,dal,McCrDa00,Danny McCray,DB,Rook,1
2010,dal,McGeSt00,Stephen McGee,QB,1,1
2010,dal,MillLo00,Lonyae Miller,RB,Rook,0
2010,dal,NewmTe20,Terence Newman,LCB,7,5
2010,dal,OgleKe00,Kevin Ogletree,WR,1,0
2010,dal,OlshIg20,Igor Olshansky,RDE,6,5
2010,dal,OwusAk99,Akwasi Owusu-Ansah,DB,Rook,0
2010,dal,RatlJa20,Jay Ratliff,NT,5,8
2010,dal,RomoTo00,Tony Romo,QB,6,6
2010,dal,RuckMa00,Martin Rucker,TE,2,0
2010,dal,SaddJi20,Jimmy Saddler-McQueen,DT,Rook,0
2010,dal,ScanOr99,Orlando Scandrick,DB,2,2
2010,dal,SendAn00,Andrew Sendejo,DB,Rook,0
2010,dal,SensGe20,Gerald Sensabaugh,SS,5,5
2010,dal,SpeaMa21,Marcus Spears,LDE,5,3
2010,dal,SpenAn99,Anthony Spencer,LOLB,3,6
2010,dal,WareDe99,DeMarcus Ware,ROLB,5,11
2010,dal,WillBr95,Brandon Williams,DE,Rook,0
2010,dal,WillJa95,Jason Williams,LB,1,0
2010,dal,WillLe20,Leon Williams,LB,4,1
2010,dal,WillRo04,Roy Williams,WR,6,5
2010,dal,WittJa00,Jason Witten,TE,7,9
2010,dal,YounSa21,Sam Young,T,Rook,0
2010,phi,AdamJa20,Jamar Adams,DB,2,0
2010,phi,akersdav01,David Akers,K,12,3
2010,phi,AlleNa99,Nate Allen,FS,Rook,5
2010,phi,AndeCo01,Colt Anderson,DB,1,1
2010,phi,AvanJa00,Jason Avant,WR,4,5
2010,phi,BarnAn99,Antwan Barnes,LB,3,0
2010,phi,BaskHa00,Hank Baskett,WR,4,0
2010,phi,BellJo01,Joique Bell,RB,Rook,0
2010,phi,BellMi00,Mike Bell,RB,4,0
2010,phi,BradSt99,Stewart Bradley,MLB,3,5
2010,phi,BuckEl00,Eldra Buckley,RB,1,1
2010,phi,BunkBr20,Brodrick Bunkley,RDT,4,3
2010,phi,BurgDe99,Derrick Burgess,DE,9,0
2010,phi,CalvJo99,Jorrick Calvin,DB,Rook,1
2010,phi,CeleBr00,Brent Celek,TE,3,5
2010,phi,ChanJa98,Jamar Chaney,LB,Rook,2
2010,phi,ClarJe01,Jeremy Clark,DT,2,0
2010,phi,ClayKe99,Keenan Clayton,LB,Rook,1
2010,phi,ColeNi20,Nick Cole,RG,4,4
2010,phi,ColeTr20,Trent Cole,RDE,5,7
2010,phi,ColeKu99,Kurt Coleman,DB,Rook,2
2010,phi,CoopRi00,Riley Cooper,WR,Rook,1
2010,phi,DixoAn99,Antonio Dixon,RDT,1,4
2010,phi,DoreJo20,Jon Dorenbos,LS,7,2
2010,phi,DunlKi20,King Dunlap,RT,1,4
2010,phi,FokoMo99,Moise Fokou,RLB,1,5
2010,phi,GaitOm20,Omar Gaither,LB,4,2
2010,phi,GrahBr99,Brandon Graham,LDE,Rook,3
2010,phi,HallCh00,Chad Hall,WR,Rook,1
2010,phi,HansJo20,Joselio Hanson,LCB,6,3
2010,phi,HarbCl00,Clay Harbor,TE,Rook,1
2010,phi,HarrJe00,Jerome Harrison,RB,4,2
2010,phi,HerrTo20,Todd Herremans,LG,5,8
2010,phi,HobbEl20,Ellis Hobbs,RCB,5,3
2010,phi,HowaAu20,Austin Howard,T,Rook,1
2010,phi,HughBr99,Brandon Hughes,DB,1,0
2010,phi,JackDe00,DeSean Jackson,WR,2,11
2010,phi,JackJa21,Jamaal Jackson,C,5,1
2010,phi,JeanMa20,Max Jean-Gilles,RG,3,6
2010,phi,JordAk99,Akeem Jordan,LB,3,2
2010,phi,JustWi20,Winston Justice,RT,3,7
2010,phi,KolbKe00,Kevin Kolb,QB,3,3
2010,phi,LawsTr99,Trevor Laws,DT,2,2
2010,phi,LawsGe20,Gerard Lawson,DB,2,0
2010,phi,LindTr99,Trevard Lindley,DB,Rook,1
2010,phi,MaclJe00,Jeremy Maclin,WR,1,9
2010,phi,McCoLe01,LeSean McCoy,RB,1,13
2010,phi,McCrBo20,Bobby McCray,DE,6,0
2010,phi,McGlMi20,Mike McGlynn,C,2,8
2010,phi,MikeQu20,Quintin Mikell,SS,7,11
2010,phi,MillGa01,Garrett Mills,FB,3,0
2010,phi,OwenJe20,Jeff Owens,DT,Rook,0
2010,phi,ThomJu20,Juqua Parker,LDE,9,5
2010,phi,PattDi20,Dimitri Patterson,RCB,5,5
2010,phi,PattMi20,Mike Patterson,LDT,5,6
2010,phi,PeteJa21,Jason Peters,LT,6,12
2010,phi,RoccSa20,Saverio Rocca,P,3,2
2010,phi,SamuAs20,Asante Samuel,LCB,7,8
2010,phi,SchmOw00,Owen Schmitt,FB,2,1
2010,phi,SimsEr20,Ernie Sims,LLB,4,6
2010,phi,TappDa20,Darryl Tapp,DE,4,3
2010,phi,Teo-Da99,Daniel Te'o-Nesheim,DE,Rook,1
2010,phi,VickMi00,Michael Vick,QB,9,15
2010,phi,WallJa99,Jamar Wall,DB,Rook,0
2010,phi,WeavLe00,Leonard Weaver,RB,5,0
2010,phi,WellRe20,Reggie Wells,G,7,1
2010,was,AlexLo99,Lorenzo Alexander,LOLB,3,6
2010,was,ArmsAn00,Anthony Armstrong,WR,1,5
2010,was,AustTe00,Terrence Austin,WR,Rook,0
2010,was,BankBr00,Brandon Banks,WR,Rook,1
2010,was,BarnKe99,Kevin Barnes,DB,1,1
2010,was,BidwJo20,Josh Bidwell,P,10,0
2010,was,BladH.99,H.B. Blades,LB,3,2
2010,was,BrowJa55,Jammal Brown,RT,5,6
2010,was,BryaAn20,Anthony Bryant,DT,5,1
2010,was,BuchPh20,Phillip Buchanon,RCB,8,3
2010,was,CarrAd99,Adam Carriker,LDE,3,7
2010,was,CartAn20,Andre Carter,LOLB,9,4
2010,was,CoolCh00,Chris Cooley,TE,6,5
2010,was,DaniPh20,Phillip Daniels,DE,14,2
2010,was,DaviFr01,Fred Davis,TE,2,2
2010,was,DaviJa03,James Davis,RB,1,1
2010,was,DockDe20,Derrick Dockery,G,7,1
2010,was,DougRe20,Reed Doughty,SS,4,4
2010,was,FletLo20,London Fletcher,LILB,12,11
2010,was,GallJo00,Joey Galloway,WR,15,1
2010,was,GanoGr44,Graham Gano,K,1,0
2010,was,GolsKe20,Kedric Golston,RDE,4,6
2010,was,GrosRe00,Rex Grossman,QB,7,2
2010,was,HallDe99,DeAngelo Hall,LCB,6,11
2010,was,HarrVi99,Victor Harris,DB,1,0
2010,was,HaynAl20,Albert Haynesworth,DT,8,1
2010,was,HeyeSt20,Stephon Heyer,LT,3,2
2010,was,HickAr20,Artis Hicks,RG,7,4
2010,was,HollVo20,Vonnie Holliday,DE,12,2
2010,was,HortCh99,Chris Horton,DB,2,0
2010,was,JackRo99,Rob Jackson,DE,2,0
2010,was,JarmJe99,Jeremy Jarmon,DE,1,0
2010,was,JohnLa00,Larry Johnson,RB,7,0
2010,was,JoseJo21,Joe Joseph,DT,Rook,0
2010,was,KemoMa20,Ma'ake Kemoeatu,NT,8,6
2010,was,LandLa99,LaRon Landry,SS,3,4
2010,was,LichKo20,Kory Lichtensteiger,LG,2,6
2010,was,McInRo20,Rocky McIntosh,RILB,4,7
2010,was,McNaDo00,Donovan McNabb,QB,11,8
2010,was,MontWi20,Will Montgomery,RG,4,3
2010,was,MoorKa99,Kareem Moore,FS,2,5
2010,was,MossSa00,Santana Moss,WR,9,7
2010,was,OrakBr99,Brian Orakpo,ROLB,1,9
2010,was,PaulSa20,Sam Paulescu,P,3,0
2010,was,PaulLo00,Logan Paulsen,TE,Rook,0
2010,was,PortCl00,Clinton Portis,RB,8,1
2010,was,RabaCa20,Casey Rabach,C,8,6
2010,was,RashSh20,Sha'reff Rashad,DB,Rook,0
2010,was,RilePe00,Perry Riley,LB,Rook,1
2010,was,RogeCa20,Carlos Rogers,RCB,5,5
2010,was,RussAn01,Anderson Russell,DB,Rook,0
2010,was,ScotDa20,Darrion Scott,DE,6,0
2010,was,SellMi00,Mike Sellers,FB,12,1
2010,was,SimpCh00,Chad Simpson,RB,2,0
2010,was,SmitHu21,Hunter Smith,P,11,0
2010,was,SundNi00,Nick Sundberg,LS,1,1
2010,was,ThomDe02,Devin Thomas,WR,2,0
2010,was,ToraRy00,Ryan Torain,RB,2,4
2010,was,WestBy00,Byron Westbrook,DB,1,1
2010,was,WillKe03,Keiland Williams,RB,Rook,3
2010,was,WillRo05,Roydell Williams,WR,5,1
2010,was,WillTr21,Trent Williams,LT,Rook,5
2010,was,WilsCh99,Chris Wilson,DE,3,1
2010,was,YounDa01,Darrel Young,LB,1,0
2010,nyg,AndrSh55,Shawn Andrews,LT,6,4
2010,nyg,BallJa21,Jake Ballard,TE,Rook,0
2010,nyg,BardRa00,Ramses Barden,WR,1,1
2010,nyg,BeatWi20,Will Beatty,T,1,2
2010,nyg,BeckTr00,Travis Beckum,TE,1,1
2010,nyg,BernRo20,Rocky Bernard,DT,8,2
2010,nyg,BlacCh21,Chase Blackburn,LB,5,2
2010,nyg,BlacWi20,Will Blackmon,DB,4,0
2010,nyg,BoleMi20,Michael Boley,RLB,5,7
2010,nyg,BootKe20,Kevin Boothe,LG,4,3
2010,nyg,BossKe00,Kevin Boss,TE,3,5
2010,nyg,BradAh00,Ahmad Bradshaw,RB,3,10
2010,nyg,BullKe00,Keith Bulluck,LLB,10,4
2010,nyg,CalhDu00,Duke Calhoun,WR,Rook,0
2010,nyg,CantCh21,Chris Canty,RDT,5,7
2010,nyg,ClayMi00,Michael Clayton,WR,6,0
2010,nyg,CoexMi99,Michael Coe,DB,3,0
2010,nyg,CofiBa20,Barry Cofield,LDT,4,8
2010,nyg,CruzVi00,Victor Cruz,WR,Rook,0
2010,nyg,DeOsZa99,Zak DeOssie,LB,3,4
2010,nyg,DiehDa21,David Diehl,LT,7,6
2010,nyg,DillPh99,Phillip Dillard,LB,Rook,0
2010,nyg,DodgMa99,Matt Dodge,P,Rook,2
2010,nyg,GoffJo99,Jonathan Goff,MLB,2,7
2010,nyg,grahasha01,Shayne Graham,K,9,0
2010,nyg,GranDe21,Deon Grant,DB,9,4
2010,nyg,HagaDe00,Derek Hagan,WR,4,2
2010,nyg,HallAl99,Alex Hall,LB,2,0
2010,nyg,HedgMa00,Madison Hedgecock,FB,5,0
2010,nyg,JackBr01,Brian Jackson,DB,Rook,1
2010,nyg,JacoBr00,Brandon Jacobs,RB,5,5
2010,nyg,JohnBr97,Bruce Johnson,DB,1,0
2010,nyg,JohnDo99,D.J. Johnson,DB,1,0
2010,nyg,JohnMi99,Michael Johnson,DB,3,0
2010,nyg,JoseLi99,Linval Joseph,DT,Rook,1
2010,nyg,KehlBr99,Bryan Kehl,LB,2,0
2010,nyg,KiwaMa20,Mathias Kiwanuka,DE,4,1
2010,nyg,KoetAd20,Adam Koets,T,3,3
2010,nyg,MannEl00,Eli Manning,QB,6,12
2010,nyg,MannMa01,Mario Manningham,WR,2,8
2010,nyg,McKeKa20,Kareem McKenzie,RT,9,8
2010,nyg,MereJa20,Jamon Meredith,T,1,0
2010,nyg,NickHa01,Hakeem Nicks,WR,1,9
2010,nyg,OHarSh20,Shaun O'Hara,C,10,4
2010,nyg,PascBe00,Bear Pascoe,TE,1,1
2010,nyg,PetrMi20,Mitch Petrus,G,Rook,1
2010,nyg,PhilKe99,Kenny Phillips,SS,2,6
2010,nyg,PierJa99,Jason Pierre-Paul,DE,Rook,3
2010,nyg,ReynDa00,Darius Reynaud,WR,2,0
2010,nyg,RollAn20,Antrel Rolle,FS,5,10
2010,nyg,RoseSa00,Sage Rosenfels,QB,8,0
2010,nyg,RossAa99,Aaron Ross,DB,3,1
2010,nyg,SeubRi20,Rich Seubert,C/LG,9,8
2010,nyg,SintCl99,Clint Sintim,LB,1,1
2010,nyg,SmitSt02,Steve Smith,WR,3,4
2010,nyg,SneeCh20,Chris Snee,RG,6,13
2010,nyg,ThomDe02,Devin Thomas,WR,2,0
2010,nyg,ThomTe99,Terrell Thomas,RCB,2,7
2010,nyg,TollDa99,Dave Tollefson,DE,3,1
2010,nyg,TuckJu20,Justin Tuck,LDE,5,15
2010,nyg,tyneslaw01,Lawrence Tynes,K,6,3
2010,nyg,UmenOs99,Osi Umenyiora,RDE,7,13
2010,nyg,WareDa00,Danny Ware,RB,3,1
2010,nyg,WebsCo20,Corey Webster,LCB,5,6
2010,nyg,WilkGe20,Gerris Wilkinson,LB,4,1
2010,nyg,WithBr20,Brian Witherspoon,DB,2,0
2010,crd,AbduHa20,Hamza Abdullah,DB,5,0
2010,crd,AdamMi98,Michael Adams,DB,3,3
2010,crd,AndeDe00,Derek Anderson,QB,4,4
2010,crd,BartRi00,Richard Bartel,QB,1,0
2010,crd,BatiDA20,D'Anthony Batiste,T,3,0
2010,crd,BranAl99,Alan Branch,DT,3,3
2010,crd,BreaSt00,Steve Breaston,WR,3,5
2010,crd,BridJe20,Jeremy Bridges,RG,6,3
2010,crd,BrowLe20,Levi Brown,LT,3,5
2010,crd,CampCa99,Calais Campbell,LDE,2,7
2010,crd,DaviWi99,Will Davis,DE,1,2
2010,crd,DockDa20,Darnell Dockett,RDE,6,10
2010,crd,DoucEa00,Early Doucet,WR,2,2
2010,crd,DrayJi00,Jim Dray,TE,Rook,0
2010,crd,FaneAl00,Alan Faneca,LG,12,5
2010,crd,feelyjay01,Jay Feely,K,9,4
2010,crd,FitzLa00,Larry Fitzgerald,WR,6,7
2010,crd,GateCu00,Curtis Gatewood,DE,2,0
2010,crd,GrahBe20,Ben Graham,P,5,2
2010,crd,HadnRe20,Rex Hadnot,G,6,1
2010,crd,HaggCl20,Clark Haggans,ROLB,10,5
2010,crd,HallMa00,Max Hall,QB,Rook,1
2010,crd,HayeGe20,Gerald Hayes,LB,7,2
2010,crd,HighTi00,Tim Hightower,RB,2,5
2010,crd,IwebKe99,Kenny Iwebema,DE,2,0
2010,crd,JeffA.00,A.J. Jefferson,DB,Rook,0
2010,crd,JohnJe23,Jerome Johnson,RB,Rook,0
2010,crd,JohnRa98,Rashad Johnson,DB,1,1
2010,crd,JoneOn20,Onrea Jones,WR,Rook,0
2010,crd,KeitBr20,Brandon Keith,RT,1,3
2010,crd,KomaMa00,Max Komar,WR,Rook,1
2010,crd,LeacMi00,Mike Leach,LS,10,1
2010,crd,LenoPa20,Paris Lenon,LILB,8,7
2010,crd,LutuDe20,Deuce Lutui,RG,4,5
2010,crd,MauiRe00,Reagan Maui'a,RB,3,0
2010,crd,McBrTr99,Trumaine McBride,DB,3,1
2010,crd,McDoBr99,Brandon McDonald,DB,3,0
2010,crd,ObioCy99,Cyril Obiozor,LB,1,0
2010,crd,PatrBe00,Ben Patrick,TE,3,1
2010,crd,PortJo00,Joey Porter,LOLB,11,5
2010,crd,RhodKe20,Kerry Rhodes,FS,5,7
2010,crd,RobeAn00,Andre Roberts,WR,Rook,2
2010,crd,RobiBr20,Bryan Robinson,NT,13,6
2010,crd,RodgDo99,Dominique Rodgers-Cromartie,LCB,2,6
2010,crd,SchoOB99,O'Brien Schofield,LB,Rook,1
2010,crd,SendLy20,Lyle Sendlein,C,3,5
2010,crd,SkelJo00,John Skelton,QB,Rook,2
2010,crd,SmitAl22,Alfonso Smith,RB,Rook,0
2010,crd,SpacSt00,Stephen Spach,TE,5,0
2010,crd,StepLa00,LaRod Stephens-Howling,RB,1,3
2010,crd,ToleGr99,Greg Toler,RCB,1,5
2010,crd,WalkRe00,Reggie Walker,LB,1,1
2010,crd,WareMa20,Matt Ware,DB,6,1
2010,crd,WashDa99,Daryl Washington,RILB,Rook,5
2010,crd,WatsGa20,Gabe Watson,DT,4,1
2010,crd,WellCh00,Beanie Wells,RB,1,2
2010,crd,WillDa99,Dan Williams,NT,Rook,2
2010,crd,WillSt01,Stephen Williams,WR,Rook,1
2010,crd,WilsAd99,Adrian Wilson,SS,9,7
2010,crd,WrigJa01,Jason Wright,RB,6,0
2010,ram,AhYoC.00,C.J. Ah You,DE,1,2
2010,ram,AlexDa00,Danario Alexander,WR,Rook,2
2010,ram,AmenDa00,Danny Amendola,WR,1,6
2010,ram,AtogO.20,O.J. Atogwe,FS,5,8
2010,ram,BajeBi00,Billy Bajema,TE,5,1
2010,ram,BartRo20,Ron Bartell,LCB,5,6
2010,ram,BellJa20,Jacob Bell,LG,6,6
2010,ram,BradSa00,Sam Bradford,QB,Rook,9
2010,ram,BrowJa23,Jason Brown,C,5,6
2010,ram,brownjos01,Josh Brown,K,7,3
2010,ram,ButlJa20,James Butler,DB,5,3
2010,ram,ButlQu20,Quincy Butler,DB,4,1
2010,ram,ChamCh99,Chris Chamberlain,RLB,2,3
2010,ram,ClayMa01,Mark Clayton,WR,5,3
2010,ram,CudjJe00,Jermelle Cudjo,DT,Rook,1
2010,ram,CurrDo00,Dominique Curry,WR,Rook,0
2010,ram,DahlCr99,Craig Dahl,SS,3,7
2010,ram,DarbKe00,Kenneth Darby,RB,3,1
2010,ram,DiggNa20,Na'il Diggs,LLB,10,6
2010,ram,DockKe20,Kevin Dockery,DB,4,2
2010,ram,FellDa00,Daniel Fells,TE,2,3
2010,ram,FletBr99,Bradley Fletcher,RCB,1,8
2010,ram,FostRe20,Renardo Foster,T,3,1
2010,ram,FralHa20,Hank Fraley,C,9,0
2010,ram,GibsBr00,Brandon Gibson,WR,1,5
2010,ram,GibsGa99,Gary Gibson,RDT,3,7
2010,ram,GilyMa00,Mardy Gilyard,WR,Rook,1
2010,ram,GoldAd20,Adam Goldberg,RG,6,6
2010,ram,GranLa99,Larry Grant,RLB,2,5
2010,ram,GrecJo20,John Greco,G,2,0
2010,ram,HallJa21,James Hall,RDE,10,9
2010,ram,HoomMi00,Michael Hoomanawanui,TE,Rook,1
2010,ram,HullJo99,Josh Hull,LB,Rook,0
2010,ram,JackSt00,Steven Jackson,RB,6,10
2010,ram,JohnDa03,Darcy Johnson,TE,4,0
2010,ram,JohnMa99,Marquis Johnson,FB,Rook,0
2010,ram,JoneDo21,Donnie Jones,P,6,3
2010,ram,KarnMi00,Mike Karney,FB,6,0
2010,ram,KehlBr99,Bryan Kehl,LB,2,2
2010,ram,KingJu99,Justin King,DB,1,1
2010,ram,LaurJa99,James Laurinaitis,MLB,1,9
2010,ram,LewiMi99,Michael Lewis,DB,8,0
2010,ram,LongCh99,Chris Long,LDE,2,9
2010,ram,MassCh00,Chris Massey,RB,8,2
2010,ram,MillBr01,Brit Miller,LB,1,1
2010,ram,MurpJe99,Jerome Murphy,DB,Rook,2
2010,ram,NixoDa20,David Nixon,LB,1,0
2010,ram,OnobFe00,Fendi Onobun,TE,Rook,0
2010,ram,RobbFr20,Fred Robbins,LDT,10,9
2010,ram,RobiLa01,Laurent Robinson,WR,3,3
2010,ram,RyanCl99,Clifton Ryan,DT,3,0
2010,ram,SaffRo20,Rodger Saffold,LT,Rook,6
2010,ram,SchoDe00,Derek Schouman,TE,3,0
2010,ram,ScotDo99,Darell Scott,DT,1,1
2010,ram,SelvGe99,George Selvie,DE,Rook,2
2010,ram,SimsEu99,Eugene Sims,DE,Rook,1
2010,ram,SmitJa22,Jason Smith,RT,1,6
2010,ram,StewDa00,Darian Stewart,DB,Rook,1
2010,ram,TostKe00,Keith Toston,RB,Rook,1
2010,ram,VoboDa99,David Vobora,LLB,2,3
2010,ram,WashCh00,Chauncey Washington,RB,2,0
2010,sfo,AdamPh00,Phillip Adams,DB,Rook,1
2010,sfo,AndrSh00,Shane Andrus,K,1,0
2010,sfo,BaasDa20,David Baas,C,5,7
2010,sfo,BoonAl21,Alex Boone,G,1,0
2010,sfo,BowmNa99,NaVorro Bowman,LB,Rook,2
2010,sfo,BrigDi99,Diyral Briggs,LB,1,0
2010,sfo,BrocTr00,Tramaine Brock,DB,Rook,0
2010,sfo,BrooAh21,Ahmad Brooks,LB,4,2
2010,sfo,BrowTa99,Tarell Brown,DB,3,1
2010,sfo,ByhaNa00,Nate Byham,TE,Rook,0
2010,sfo,CarrDa00,David Carr,QB,8,0
2010,sfo,ClemNa99,Nate Clements,RCB,9,6
2010,sfo,ClohCo00,Colin Cloherty,TE,1,0
2010,sfo,CrabMi00,Michael Crabtree,WR,1,6
2010,sfo,DaviAn27,Anthony Davis,RT,Rook,7
2010,sfo,DaviVe00,Vernon Davis,TE,4,7
2010,sfo,DixoAn00,Anthony Dixon,RB,Rook,1
2010,sfo,EvanDe20,Demetric Evans,DE,9,1
2010,sfo,FranAu20,Aubrayo Franklin,NT,7,8
2010,sfo,GibsTh99,Thaddeus Gibson,LB,Rook,0
2010,sfo,GinnTe00,Ted Ginn Jr.,WR,3,2
2010,sfo,GoldDa99,Dashon Goldson,FS,3,6
2010,sfo,GoreFr00,Frank Gore,RB,5,8
2010,sfo,HaraPa20,Parys Haralson,ROLB,4,7
2010,sfo,HillJa00,Jason Hill,WR,3,0
2010,sfo,IupaMi20,Mike Iupati,LG,Rook,7
2010,sfo,JeanRi99,Ricky Jean-Francois,DT,1,1
2010,sfo,JennBr00,Brian Jennings,LS,10,0
2010,sfo,JoseAl00,Alex Joseph,LB,Rook,0
2010,sfo,KrisKe00,Keaton Kristick,LB,Rook,1
2010,sfo,LaBoTr20,Travis LaBoy,DE,6,2
2010,sfo,LawsMa20,Manny Lawson,LOLB,4,7
2010,sfo,LeexAn20,Andy Lee,P,6,3
2010,sfo,LewiMi99,Michael Lewis,DB,8,1
2010,sfo,MaraCh99,Chris Maragos,DB,Rook,0
2010,sfo,MaysTa99,Taylor Mays,SS,Rook,3
2010,sfo,McDoRa99,Ray McDonald,DE,3,2
2010,sfo,MorgJo00,Josh Morgan,WR,2,5
2010,sfo,nednejoe01,Joe Nedney,K,14,2
2010,sfo,NorrMo00,Moran Norris,FB,9,0
2010,sfo,PeteWi20,Will Peterson,DB,9,0
2010,sfo,RachCh20,Chilo Rachal,RG,2,6
2010,sfo,reedxjef01,Jeff Reed,K,8,1
2010,sfo,SimsBa20,Barry Sims,LT,11,3
2010,sfo,SmitAl03,Alex Smith,QB,5,6
2010,sfo,SmitJu20,Justin Smith,RDE,9,11
2010,sfo,SmitRe99,Reggie Smith,SS,2,3
2010,sfo,SmitTr02,Troy Smith,QB,3,4
2010,sfo,SnydAd20,Adam Snyder,G,5,2
2010,sfo,SopoIs20,Isaac Sopoaga,LDE,5,7
2010,sfo,SpenSh20,Shawntae Spencer,LCB,6,6
2010,sfo,SpikTa00,Takeo Spikes,LILB,12,8
2010,sfo,SpilCJ99,C.J. Spillman,DB,1,1
2010,sfo,StalJo20,Joe Staley,LT,3,4
2010,sfo,TaylCu99,Curtis Taylor,DB,1,0
2010,sfo,WalkHu00,Delanie Walker,TE,4,3
2010,sfo,WestBr00,Brian Westbrook,RB,8,3
2010,sfo,WillKy01,Kyle Williams,WR,Rook,0
2010,sfo,WillPa98,Patrick Willis,RILB,3,14
2010,sfo,WragTo20,Tony Wragge,G,8,1
2010,sfo,WynnDe00,DeShawn Wynn,RB,3,0
2010,sfo,ZiegDo00,Dominique Zeigler,WR,2,1
2010,sea,AndrSt21,Stacy Andrews,RG,6,5
2010,sea,BabiJo21,Jordan Babineaux,DB,6,1
2010,sea,BakeCh00,Chris Baker,TE,8,1
2010,sea,BalmKe99,Kentwan Balmer,RDE,2,5
2010,sea,BarbAl20,Allen Barbre,T,3,0
2010,sea,BranDe00,Deion Branch,WR,8,1
2010,sea,BrocRa20,Raheem Brock,DE,8,2
2010,sea,BrowMa25,Marcus Brown,DB,Rook,0
2010,sea,BryaRe99,Red Bryant,RDE,2,3
2010,sea,ButlDe00,Deon Butler,WR,1,3
2010,sea,CarlJo00,John Carlson,TE,2,3
2010,sea,ChanKa99,Kam Chancellor,DB,Rook,1
2010,sea,ClemCh23,Chris Clemons,LDE,6,7
2010,sea,ColeCo20,Colin Cole,RDT,6,5
2010,sea,CoxxKe20,Kennard Cox,DB,2,1
2010,sea,CurrAa99,Aaron Curry,RLB,1,6
2010,sea,DaviDe99,Dexter Davis,LB,Rook,1
2010,sea,ForsJu00,Justin Forsett,RB,2,5
2010,sea,GantQu00,Quinton Ganther,RB,4,0
2010,sea,GibsMi20,Mike Gibson,LG/RG,1,4
2010,sea,GordAm20,Amon Gordon,DT,6,0
2010,sea,GresCl00,Clint Gresham,LB,Rook,1
2010,sea,HamiBe20,Ben Hamilton,LG,8,3
2010,sea,HassMa00,Matt Hasselbeck,QB,11,8
2010,sea,HawtDa20,David Hawthorne,LLB,2,7
2010,sea,HenrCh01,Chris Henry,RB,3,0
2010,sea,HerrWi99,Will Herring,LB,3,2
2010,sea,HillLe20,LeRoy Hill,LB,5,0
2010,sea,JennKe20,Kelly Jennings,RCB,4,5
2010,sea,JoneJu01,Julius Jones,RB,6,0
2010,sea,LewiRo22,Roy Lewis,DB,2,1
2010,sea,LockSe20,Sean Locklear,RT,6,6
2010,sea,LyncMa00,Marshawn Lynch,RB,3,5
2010,sea,marexoli01,Olindo Mare,K,13,3
2010,sea,MartRu00,Ruvell Martin,WR,4,1
2010,sea,McCoAn00,Anthony McCoy,TE,Rook,0
2010,sea,McCoMa20,Matt McCoy,LB,5,1
2010,sea,MebaBr99,Brandon Mebane,LDT,3,5
2010,sea,MillLa00,Lawyer Milloy,SS,14,6
2010,sea,MorrCa00,Cameron Morrah,TE,1,1
2010,sea,NessNa00,Nate Ness,DB,Rook,0
2010,sea,ObomBe00,Ben Obomanu,WR,3,4
2010,sea,OkunRu20,Russell Okung,LT,Rook,4
2010,sea,PaweJo20,Joe Pawelek,LB,Rook,0
2010,sea,PittCh20,Chester Pitts,LG,8,2
2010,sea,PoluTy20,Tyler Polumbus,LT,2,3
2010,sea,RichJa99,Jay Richardson,DE,3,1
2010,sea,RobiMi00,Michael Robinson,FB,4,1
2010,sea,RyanJo21,Jon Ryan,P,4,2
2010,sea,SiavJu20,Junior Siavii,RDT,6,3
2010,sea,SpenCh21,Chris Spencer,C,5,7
2010,sea,StokBr00,Brandon Stokley,WR,11,3
2010,sea,TateGo00,Golden Tate,WR,Rook,2
2010,sea,TatuLo99,Lofa Tatupu,MLB,5,7
2010,sea,TerrCr20,Craig Terrill,DT,6,1
2010,sea,ThomEa99,Earl Thomas,FS,Rook,7
2010,sea,ThurWa99,Walter Thurmond,DB,Rook,1
2010,sea,TrufMa20,Marcus Trufant,LCB,7,7
2010,sea,UngeMa20,Max Unger,C,1,0
2010,sea,WashLe00,Leon Washington,RB,4,4
2010,sea,WhitCh22,Chris White,C,5,0
2010,sea,WhitCh02,Charlie Whitehurst,QB,4,2
2010,sea,WillMi03,Mike Williams,WR,5,6
2010,sea,WilsE.99,E.J. Wilson,DE,Rook,0
2010,sea,WrotMa20,Mansfield Wrotto,G,2,0
