query_name,cfbd_id,cfbd_name,position,team,hometown
Leigh Bodden,,,,,
Kevin Bentley,,,,,
Chad Beasley,,,,,
R.J. Bowers,,,,,
Courtney Brown,,,,,
Brant Boyer,,,,,
Felipe Claybrooks,,,,,
Brett Conway,,,,,
Sherrod Coates,,,,,
Tim Couch,,,,,
Andra Davis,,,,,
Chris Crocker,,,,,
Andre' Davis,,,,,
Phil Dawson,,,,,
Enoch DeMar,,,,,
Jeff Faine,,,,,
Melvin Fowler,,,,,
Antonio Garay,,,,,
Barry Gardner,,,,,
Chris Gardocki,,,,,
Joaquin Gonzalez,,,,,
Orantes Grant,,,,,
William Green,-1015497,William Green,TE,Kansas State,Woodbridge
William Green,381279,William Green,DE,Florida,Hoover
William Green,4570209,William Green,DT,Liberty,Albany
William Green,4570209,William Green,DT,Nevada,Albany
Robert Griffith,,,,,
Steve Heiden,,,,,
Keith Heinrich,,,,,
Anthony Henry,,,,,
Kelly Holcomb,,,,,
Frisman Jackson,,,,,
James Jackson,-1027251,James Jackson,WR,Ohio State,Grand Ledge
James Jackson,3914374,James Jackson,S,Louisiana Tech,Haynesville
James Jackson,4242250,James Jackson,OL,Mississippi State,Pascagoula
James Jackson,4242250,James Jackson,OL,South Alabama,Pascagoula
James Jackson,4250167,James Jackson,DE,Youngstown State,St. Paul
James Jackson,4686028,James Jackson,LB,Virginia,Roanoke
James Jackson,5125769,James Jackson III,S,Middle Tennessee,Pahokee
James Jackson,5125769,James Jackson III,S,Murray State,Pahokee
James Jackson,-1008732,James Jackson IV,RB,Duke,Cutler Bay
Michael Jameson,,,,,
Kevin Johnson,-1027960,Kevin Johnson,WR,Oklahoma State,Houston
Kevin Johnson,-1020046,Kevin Johnson,LB,Miami (OH),Cincinnati
Kevin Johnson,-1013732,Kevin Johnson,DB,Illinois,Lake Zurich
Kevin Johnson,-1006050,Kevin Johnson,DL,Buffalo,Newton
Kevin Johnson,500547,Kevin Johnson,CB,Wake Forest,Clarksville
Kevin Johnson,512986,Kevin Johnson,DB,Eastern Michigan,McKeesport
Kevin Johnson,560147,Kevin Johnson,WR,Hampton,Suffolk
Kevin Johnson,3912397,Kevin Johnson,QB,Richmond,Atlanta
Kevin Johnson,3916211,Kevin Johnson,CB,SMU,Waskom
Kevin Johnson,4253140,Kevin Johnson,DB,Nicholls,Leander
Kevin Johnson,5229957,Kevin Johnson,DT,Weber State,Downey
Kevin Johnson,4361953,Kevin Johnson Jr.,WR,Florida,Columbus
Kevin Johnson,4361953,Kevin Johnson Jr.,WR,Syracuse,Columbus
Andre King,,,,,
Kenard Lang,,,,,
Michael Lehan,,,,,
Earl Little,4685437,Earl Little II,DB,Alabama,Fort Lauderdale
Earl Little,4685437,Earl Little II,DB,Florida State,Fort Lauderdale
Nick Maddox,,,,,
Daylon McCutcheon,,,,,
Alvin McKinley,,,,,
Kevin McLeod,,,,,
Quincy Morgan,,,,,
Chad Mustard,,,,,
Michael Myers,,,,,
Shaun O'Hara,,,,,
Dennis Northcutt,,,,,
Craig Osika,,,,,
Tyrone Rogers,,,,,
Ryan Pontbriand,,,,,
Orpheus Roye,,,,,
Lewis Sanders,,,,,
Darnell Sanders,,,,,
Aaron Shea,-1020144,Aaron Shearer,LB,Miami (OH),Nicholasville
Barry Stokes,,,,,
Lee Suggs,,,,,
Ben Taylor,5302455,Ben Taylor,QB,Northwestern State,Bossier City
Ben Taylor,5151167,Ben Taylor-Whitfield,OL,TCU,Duncanville
Chaun Thompson,,,,,
Ryan Tucker,-1013546,Ryan Tucker,P,Illinois,Chicago
Mason Unck,,,,,
Gerard Warren,,,,,
Jamel White,,,,,
Roosevelt Williams,,,,,
Mark Word,,,,,
Paul Zukauskas,,,,,
Bennie Anderson,4883091,Bennie Anderson,OL,Yale,University City
Gary Baxter,,,,,
Kyle Boller,,,,,
Peter Boulware,,,,,
Lamont Brightful,,,,,
Ethan Brooks,,,,,
Cornell Brown,,,,,
Orlando Brown,-1027416,Orlando Brown,OL,Oklahoma,Duluth
Damion Cook,,,,,
Will Demps,,,,,
Marques Douglas,,,,,
Mike Flynn,,,,,
Aubrayo Franklin,,,,,
Corey Fuller,378311,Corey Fuller,TE,TCU,La Vernia
Corey Fuller,501213,Corey Fuller,?,Virginia Tech,Baltimore
Kelly Gregg,,,,,
Ed Hartwell,,,,,
Todd Heap,,,,,
Jarret Johnson,,,,,
Ron Johnson,503934,Aaron Johnson,WR,Houston,Longview
Ron Johnson,5083856,Byron Johnson,DB,Lafayette,Bryan
Ron Johnson,3916373,Cameron Johnson,WR,Army,Spring
Ron Johnson,3916373,Cameron Johnson,WR,Rice,Spring
Ron Johnson,4038829,Cameron Johnson,OL,South Carolina,Bennettsville
Ron Johnson,4243828,Cameron Johnson,DB,UCLA,Houston
Ron Johnson,4373746,Cameron Johnson,TE,Washington State,Long Beach
Ron Johnson,5304052,Cameron Johnson,WR,Mississippi Valley State,East Palo Alto
Ron Johnson,4567492,Cam'Ron Johnson,OL,Houston,Houston
Ron Johnson,4567492,Cam'Ron Johnson,OL,Missouri,Houston
Ron Johnson,4044674,Darron Johnson,LB,Alabama State,Chicago
Ron Johnson,4429925,Dayron Johnson,WR,Tennessee State,Springfield
Ron Johnson,4906124,Deron Johnson,LB,Tennessee State,Elk Grove
Ron Johnson,5216551,Geron Johnson,RB,Mississippi State,Memphis
Ron Johnson,3912315,Jaron Johnson,DL,Southern,Andrews
Ron Johnson,4065226,Jaron Johnson,WR,Eastern Michigan,Moreno Valley
Ron Johnson,188078,Jeron Johnson,S,Boise State,Compton
Ron Johnson,-1043553,JeRon Johnson,DE,Western Michigan,Kalamazoo
Ron Johnson,4691282,Kadron Johnson,DL,North Texas,Lewisville
Ron Johnson,379893,Kaeron Johnson,DT,Baylor,Cuero
Ron Johnson,3913831,Kam'Ron Johnson,S,Northern Arizona,Krum
Ron Johnson,557709,Kerron Johnson,LB,Coastal Carolina,Woodbury
Ron Johnson,4241302,Kyron Johnson,DE,Kansas,Arlington
Ron Johnson,4240672,Quiron Johnson,OL,North Carolina,Reidsville
Ron Johnson,-1020359,Ron Johnson,DL,Michigan,Camden
Ron Johnson,3125902,Ron Johnson,RB,UConn,Naples
Ron Johnson,3121003,Taron Johnson,CB,Weber State,Llano
Ron Johnson,3894912,Tyron Johnson,WR,LSU,New Orleans
Ron Johnson,3894912,Tyron Johnson,WR,Oklahoma State,New Orleans
John Jones,4251210,Dejohn Jones,OL,Prairie View A&M,Garland
John Jones,-1011093,John Jones,DT,Florida State,Jupiter
John Jones,-1004820,John Jones,G,Baylor,Cedar Hill
Ma'ake Kemoeatu,,,,,
Tom Knight,,,,,
Jamal Lewis,-1021176,Jamal Lewis,OL,Middle Tennessee,Huntsville
Ray Lewis,-1019750,Ray Lewis III,DB,Miami,Longwood
Joe Maese,,,,,
Terry Jones,4570150,Terry Jones,DB,Indiana,Baltimore
Terry Jones,4570150,Terry Jones,DB,Old Dominion,Baltimore
Chris McAlister,,,,,
Harold Morrow,,,,,
Ovie Mughelli,,,,,
Edwin Mulitalo,,,,,
Jonathan Ogden,,,,,
Riddick Parker,,,,,
Alvin Porter,,,,,
Casey Rabach,,,,,
Chris Redman,,,,,
Ed Reed,4248845,Jared Reed,S,Boise State,Portland
Ed Reed,4248845,Jared Reed,S,Portland State,Portland
Ed Reed,4248845,Jared Reed,S,Utah State,Portland
Alan Ricard,,,,,
Wade Richey,,,,,
Marcus Robinson,546314,Demarcus Robinson,WR,Florida,Fort Valley
Marcus Robinson,501278,DeMarcus Robinson,RB,Kansas State,Wichita
Marcus Robinson,-1021114,Marcus Robinson,DT,Middle Tennessee,Valdosta
Marcus Robinson,-1019838,Marcus Robinson,DL,Miami,Homestead
Frank Sanders,,,,,
Gerome Sapp,,,,,
Bart Scott,,,,,
T.J. Slaughter,,,,,
Musa Smith,,,,,
Matt Stover,,,,,
Terrell Suggs,,,,,
Chester Taylor,,,,,
Travis Taylor,4691899,Travis Taylor,OL,Louisville,Houston
Adalius Thomas,,,,,
Jason Thomas,4876329,Jason Thomas,S,Southern Utah,Compton
Raymond Walls,,,,,
Dedric Ward,,,,,
Anthony Weaver,,,,,
Chad Williams,,,,,
Anthony Wright,237982,Anthony Wright,WR,Colorado,
Anthony Wright,-1000285,"Anthony Wright, Jr.",DB,Air Force,Cleveland
Dave Zastudil,,,,,
Khalid Abdullah,,,,,
Willie Anderson,5304323,Willie Anderson,WR,Bethune-Cookman,Miami
Rogers Beckett,,,,,
Brandon Bennett,-1038436,Brandon Bennett,OT,UCLA,Azusa
Brandon Bennett,-1028837,Brandon Bennett,DT,Oregon State,Birmingham
Brandon Bennett,-1010661,Brandon Bennett,RB,Florida International,Miramar
Brandon Bennett,-1028765,Brandon Bennett-Jackson,DT,Oregon State,Birmingham
Rich Braham,,,,,
Jeff Burris,,,,,
Frank Chamberlin,,,,,
Duane Clemons,,,,,
Chris Edmonds,4572922,Chris Edmonds,DB,Arizona State,Phenix City
Chris Edmonds,4572922,Chris Edmonds,DB,Samford,Phenix City
Chris Edmonds,5160945,Chris Edmonds,RB,Bowling Green,Toledo
Chris Edmonds,4047930,Chris Edmondson,RB,USC,Cibolo
Corey Dillon,,,,,
Oliver Gibson,,,,,
Mike Goff,,,,,
Shayne Graham,,,,,
Lawrence Hamilton,,,,,
Kevin Hardy,,,,,
Nick Harris,4039016,Nick Harris,OL,Washington,Inglewood
Nick Harris,4575859,Nick Harris,TE,Eastern Michigan,Ellicott City
Nick Harris,4575859,Nick Harris,TE,UConn,Ellicott City
T.J. Houshmandzadeh,,,,,
Tory James,,,,,
Chad Johnson,4686107,Chad Johnson Jr.,WR,Arizona State,Los Angeles
Jeremi Johnson,,,,,
Artrell Hawkins,,,,,
Riall Johnson,,,,,
Levi Jones,4259636,Levi Jones,LB,NC State,Austin
Levi Jones,4259636,Levi Jones,LB,USC,Austin
Rudi Johnson,,,,,
Kevin Kaesviharn,,,,,
Jon Kitna,,,,,
Reggie Kelly,,,,,
Scott Kooistra,,,,,
Dwayne Levels,,,,,
Marquand Manuel,,,,,
Reggie Myles,,,,,
Carl Powell,,,,,
Matt O'Dwyer,,,,,
Scott Rehberg,,,,,
Kyle Richardson,,,,,
Terrell Roberts,,,,,
Mark Roman,,,,,
Adrian Ross,,,,,
Matt Schobel,,,,,
Brian Simmons,-1027644,Brian Simmons,OL,Oklahoma,Raleigh
Justin Smith,-1037383,Justin Smith,WR,Tulsa,League City
Justin Smith,-1032072,Justin Smith,C,South Carolina,Lyman
Justin Smith,-1024497,Justin Smith,?,New Mexico State,Safford
Justin Smith,-1021810,Justin Smith,DT,Ole Miss,Alpharetta
Justin Smith,-1000345,Justin Smith,?,Air Force,
Justin Smith,3924331,Justin Smith,WR,Missouri,Dublin
Justin Smith,4052217,Justin Smith,WR,Florida State,Wewahitchka
Justin Smith,4052217,Justin Smith,WR,Norfolk State,Wewahitchka
Justin Smith,4252353,Justin Smith,RB,Navy,Virginia Beach
Justin Smith,4876452,Justin Smith,DB,Wagner,Laurel
Justin Smith,4749271,Justin Smith-Brown,WR,South Carolina State,Port Saint John
Justin Smith,4749271,Justin Smith-Brown,WR,West Virginia,Port Saint John
Brad St. Louis,,,,,
Glen Steele,,,,,
Eric Steinbach,,,,,
Tony Stewart,,,,,
John Thornton,,,,,
Kevin Walter,,,,,
Peter Warrick,4710866,Peter Warrick Jr.,DB,Florida Atlantic,Marietta
Peter Warrick,4710866,Peter Warrick Jr.,DB,Florida State,Marietta
Kelley Washington,,,,,
Kenny Watson,,,,,
Dennis Weathersby,,,,,
Tony Williams,4573642,Tony Williams,WR,Sam Houston,College Station
Tony Williams,4577777,Tony Williams,LB,Old Dominion,Lake Forest
Tony Williams,4878919,Tony Williams,RB,Southern Illinois,Sparta
Tony Williams,5141762,Tony Williams,DB,UCF,Miami
Brent Alexander,,,,,
Charlie Batch,,,,,
Rodney Bailey,,,,,
Kendrell Bell,,,,,
Jerome Bettis,5164349,Jerome Bettis Jr.,WR,Notre Dame,Atlanta
Dee Brown,,,,,
Mark Bruener,,,,,
Plaxico Burress,,,,,
Kendrick Clancy,5218780,Lakendrick Clancy,DT,Ole Miss,Northport
Matt Cushing,,,,,
Chris Doering,,,,,
Alan Faneca,,,,,
James Farrior,,,,,
Larry Foote,,,,,
Todd Fordham,,,,,
Jason Gildon,,,,,
Clark Haggans,,,,,
Casey Hampton,,,,,
Jeff Hartings,,,,,
Verron Haynes,,,,,
Chris Hope,4695088,Chris Hope,DB,East Tennessee State,Madison
Chidi Iwuoma,,,,,
Alonzo Jackson,5197102,Alonzo Jackson Jr.,LB,Louisiana Tech,Haynesville
Dan Kreider,,,,,
Clint Kriewaldt,,,,,
Mike Logan,,,,,
Tommy Maddox,,,,,
Lee Mays,,,,,
Josh Miller,-1018582,Josh Miller,DB,Marshall,Fresno
Josh Miller,4039208,Josh Miller,CB,Ball State,Indianapolis
Josh Miller,5226996,Josh Miller,RB,William & Mary,South Boston
Mathias Nkwenti,,,,,
Chukky Okobi,,,,,
Troy Polamalu,,,,,
Antwaan Randle El,,,,,
Joey Porter,4426506,Joey Porter Jr.,CB,Penn State,Bakersfield
Jeff Reed,,,,,
Jay Riemersma,,,,,
Oliver Ross,,,,,
Mike Schneck,,,,,
Chad Scott,,,,,
Kendall Simmons,,,,,
Aaron Smith,-1034889,Aaron Smith,FB,Texas,Palestine
Aaron Smith,183295,Aaron Smith,WR,Pittsburgh,Monroeville
Aaron Smith,4685177,Aaron Smith,WR,Nevada,Corona
Aaron Smith,4749258,Aaron Smith,LB,South Carolina State,Manning
Aaron Smith,4875289,Aaron Smith,RB,Oregon,San Jose
Aaron Smith,5150273,Aaron Smith,OL,Arkansas,Conway
Aaron Smith,5151600,Aaron Smith,S,New Mexico,Long Beach
Marvel Smith,,,,,
Russell Stuvaints,,,,,
Ike Taylor,-1021653,Mike Taylor,LS,Ole Miss,Jackson
Ike Taylor,381010,Mike Taylor,LB,Wisconsin,Ashwaubenon
Ike Taylor,3119023,Mike Taylor,DL,Charleston Southern,Andrews
Ike Taylor,5301032,Mike Taylor,LB,Sacramento State,East St. Louis
Ike Taylor,5211768,Mike Taylor Jr.,RB,Ohio,Pickerington
Deshea Townsend,,,,,
Jerame Tuman,,,,,
Keydrick Vincent,,,,,
Kimo von Oelhoffen,,,,,
Hines Ward,,,,,
Dewayne Washington,-1019679,Dewayne Washington II,LB,Miami,Raleigh
Amos Zereoue,,,,,
Brian Allen,-1020705,Brian Allen,OL,Michigan State,Hinsdale
Brian Allen,531015,Brian Allen,DB,Utah,La Marque
Brian Allen,4881838,Brian Allen,DE,Iowa,Lake In The H
Brian Allen,5299196,Brian Allen,DB,Georgetown,Dallas
Idrees Bashir,,,,,
Cory Bird,,,,,
Gary Brackett,,,,,
Chad Bratzke,,,,,
Raheem Brock,,,,,
Dallas Clark,,,,,
Clifton Crosby,,,,,
Rick DeMulling,,,,,
Jason Doering,,,,,
Mike Doss,,,,,
Joe Davenport,,,,,
Ryan Diem,,,,,
Anthony Floyd,,,,,
Dwight Freeney,,,,,
Makoa Freitas,,,,,
Tarik Glenn,4569243,Tarik Glenn Jr.,CB,California,Berkeley
Nick Harper,5300736,Nick Harper,DL,Northern Arizona,Queen Creek
Walt Harris,,,,,
Marvin Harrison,4432708,Marvin Harrison Jr.,WR,Ohio State,Philadelphia
Marvin Harrison,4875595,Marvin Harrison Jr.,WR,Ohio State,Philadelphia
Brandon Hicks,235169,Brandon Hicks,LB,Florida,Jacksonville
Brock Huard,,,,,
Edgerrin James,,,,,
Cato June,,,,,
Tom Lopienski,,,,,
David Macklin,,,,,
Peyton Manning,,,,,
Robert Mathis,,,,,
Adam Meadows,,,,,
Aaron Moorehead,,,,,
Rob Morris,,,,,
James Mungro,,,,,
Jim Nelson,,,,,
Jim Newton,,,,,
Tupe Peko,,,,,
Marcus Pollard,,,,,
Brad Pyatt,,,,,
Montae Reagor,,,,,
Dominic Rhodes,,,,,
Jeff Saturday,,,,,
Brad Scioli,,,,,
Steve Sciullo,,,,,
Detron Smith,,,,,
Hunter Smith,-1039986,Hunter Smith,OL,Utah,Park City
Hunter Smith,-1026407,Hunter Smith,?,Notre Dame,Raleigh
Hunter Smith,4258419,Hunter Smith,RB,Temple,Little Rock
Hunter Smith,4258419,Hunter Smith,RB,UL Monroe,Little Rock
Hunter Smith,4361548,Hunter Smith,WR,Texas A&M,Pearland
Hunter Smith,4878969,Hunter Smith,TE,Youngstown State,Wellston
Hunter Smith,4882065,Hunter Smith,OL,Tarleton State,Rockwall
Hunter Smith,4884930,Hunter Smith,PK,Florida,Gainesville
Hunter Smith,4884930,Hunter Smith,PK,Warner University,Gainesville
Hunter Smith,4884930,Hunter Smith,PK,Western Michigan,Gainesville
Justin Snow,,,,,
Brandon Stokley,,,,,
Donald Strickland,,,,,
David Thornton,,,,,
Larry Tripplett,,,,,
Mike Vanderjagt,,,,,
Troy Walters,,,,,
Marcus Washington,-1035760,Jamarcus Washington,LB,Texas Tech,Houston
Marcus Washington,-1024167,Marcus Washington,DB,New Mexico,Albuquerque
Marcus Washington,172878,Marcus Washington,DE,Georgia,Keysville
Marcus Washington,188257,Marcus Washington,DB,Mississippi State,Missouri City
Marcus Washington,504716,Marcus Washington,LB,Arizona State,Phoenix
Marcus Washington,4572454,Marcus Washington,WR,Nebraska,Saint Louis
Marcus Washington,4572454,Marcus Washington,WR,Texas,Saint Louis
Marcus Washington,5301841,Marcus Washington,DB,Central Arkansas,D'Iberville
Marcus Washington,5081058,Marcus Washington Jr.,DB,Georgia,Grovetown
Marcus Washington,5081058,Marcus Washington Jr.,DB,Louisville,Grovetown
Marcus Washington,5081058,Marcus Washington Jr.,DB,Syracuse,Grovetown
Reggie Wayne,,,,,
Keyon Whiteside,,,,,
Terrence Wilkins,,,,,
Josh Williams,-1028834,Josh Williams,LB,Oregon State,Los Angeles
Josh Williams,-1023482,Josh Williams,DE,Nebraska,Denton
Josh Williams,-1015135,Josh Williams,DL,Kansas,Denton
Josh Williams,3128686,Josh Williams,LB,Arkansas,Ft. Lauderdale
Josh Williams,3916219,Josh Williams,PK,SMU,Rowlett
Josh Williams,4568024,Josh Williams,RB,LSU,Houston
Josh Williams,4912276,Josh Williams,LB,Utah State,Mesquite
Josh Williams,5156748,Josh Williams,CB,Dayton,Dayton
Josh Williams,5223982,Josh Williams,WR,Chattanooga,Anderson
Josh Williams,5294078,Josh Williams,OL,Stanford,Radnor
Josh Williams,5301540,Josh Williams,DE,Southern Utah,
Josh Williams,5092307,Josh Williamson,S,Murray State,Tampa
Josh Williams,5092307,Josh Williamson,S,New Mexico,Tampa
Josh Williams,5154220,Josh Williamson,WR,Kennesaw State,Snellville
Josh Williams,5302139,Josh Williamson,CB,Prairie View A&M,Leeds
Ricky Williams,-1039376,Ricky Williams,DB,UTEP,El Paso
Derick Armstrong,,,,,
Corey Bradford,,,,,
Eric Brown,4374179,Eric Brown,OL,UNLV,Las Vegas
Eric Brown,4690021,Eric Brown,LB,Marshall,Williamstown
Eric Brown,4749267,Eric Brown Jr.,OL,South Carolina State,Hartsville
Tony Banks,,,,,
Kris Brown,4570905,Kris Brown,QB,Montana,Bozeman
Jason Bell,,,,,
Milford Brown,,,,,
Curry Burns,,,,,
David Carr,,,,,
Travis Carroll,,,,,
Marcus Coleman,-1033268,Marcus Coleman,DT,Syracuse,Voorhees
Marcus Coleman,4260937,Marcus Coleman,DT,Morgan State,Upper Marlboro
Marcus Coleman,4260937,Marcus Coleman,DT,Ohio,Upper Marlboro
Marcus Coleman,5300671,Marcus Coleman II,CB,Montana State,Spring
Charlie Clemons,,,,,
Greg Comella,,,,,
Jerry DeLoach,,,,,
Troy Evans,-1017818,Troy Evans,DE,UL Monroe,Shreveport
Troy Evans,483951,Troy Evans,WR,Marshall,Oakland
Demarcus Faggins,,,,,
Steve Foley,,,,,
Jay Foreman,,,,,
Jabar Gaffney,,,,,
Aaron Glenn,,,,,
Tony Hollings,,,,,
Jabari Holloway,,,,,
Junior Ioane,,,,,
Andre Johnson,4367024,Andre Johnson,LB,Rhode Island,Vero Beach
Andre Johnson,4576788,Andre Johnson,WR,Arizona State,Tolleson
Andre Johnson,4576788,Andre Johnson,WR,Miami (OH),Tolleson
Andre Johnson,4242438,Deandre Johnson,DE,Miami,Miami
Andre Johnson,4242438,Deandre Johnson,DE,Tennessee,Miami
Andre Johnson,-1011737,De'Andre Johnson,?,Georgia,Newnan
Andre Johnson,500829,De'Andre Johnson,RB,Iowa,Miami
Andre Johnson,500829,De'Andre Johnson,RB,Miami,Miami
Andre Johnson,4243787,De'Andre Johnson,QB,Florida Atlantic,Jacksonville
Andre Johnson,4243787,De'Andre Johnson,QB,Texas Southern,Jacksonville
Rashod Kent,,,,,
Stacey Mack,,,,,
Steve Martin,,,,,
Terrance Martin,,,,,
Jimmy McClain,,,,,
Marlon McCree,,,,,
Steve McKinney,,,,,
Billy Miller,,,,,
J.J. Moses,,,,,
Matt Murphy,-1038752,Matt Murphy,OL,UNLV,Lake Forest
Matt Murphy,-1014451,Matt Murphy,OL,Iowa,Clinton
Matt Murphy,-1005916,Matt Murphy,OL,Buffalo,London
Matt Murphy,-1005380,Matt Murphy,DL,Boston College,West Roxbury
Matt Murphy,3125781,Matt Murphy,OL,Florida Atlantic,Tampa
Moran Norris,,,,,
Shantee Orr,,,,,
Seth Payne,,,,,
Antwan Peek,5091774,Antwan Peek Jr.,DB,Cincinnati,Cincinnati
Bryan Pittman,,,,,
Chester Pitts,,,,,
Dave Ragone,,,,,
Greg Randall,5226685,Greg Randall,WR,Monmouth,Madison
Corey Sears,,,,,
Jamie Sharper,,,,,
Jason Simmons,4569956,Jason Simmons Jr.,DB,New Mexico State,Lancaster
Jason Simmons,4569956,Jason Simmons Jr.,DB,Syracuse,Lancaster
Jeremy Slechta,,,,,
Armegis Spearman,,,,,
Chad Stanley,,,,,
Matt Stevens,170747,Matt Stevens,TE,Western Michigan,Wheaton
Matt Stevens,4036174,Matt Stevens,LB,NC State,Charlotte
Matt Stevens,4036174,Matt Stevens,LB,North Carolina Central,Charlotte
Darrick Vaughn,,,,,
Gary Walker,3916949,Gary Walker,DE,Auburn,Lavonia
Ramon Walker,,,,,
Seth Wand,,,,,
Fred Weary,,,,,
Zach Wiegert,,,,,
Domanick Williams,,,,,
Todd Washington,503385,Todd Washington,DB,Memphis,Gramercy
Jonathan Wells,-1020172,Jonathan Wells,DB,Miami (OH),Hubbard
Kailee Wong,,,,,
Kenny Wright,,,,,
Tom Ackerman,,,,,
Ken Amato,,,,,
Gary Anderson,,,,,
James Atkins,3125889,James Atkins,DL,UConn,Saugus
Tony Beckham,,,,,
Drew Bennett,-1026793,Andrew Bennett,DL,Ohio,Erie
Drew Bennett,5228814,Andrew Bennett,P,Charlotte,null
Eddie Berlin,,,,,
Rocky Boiman,,,,,
Chris Brown,-1042652,Chris Brown,OL,West Virginia,Casper
Chris Brown,-1038887,Chris Brown,G,USC,Los Angeles
Chris Brown,-1015452,Chris Brown,DT,Kansas State,Mesa
Chris Brown,-1011245,Chris Brown,DB,Fresno State,Modesto
Chris Brown,-1011034,Chris Brown,RB,Florida State,Tampa
Chris Brown,-1006781,Chris Brown,OL,Charlotte,Charlotte
Chris Brown,188936,Chris Brown,RB,Oklahoma,Alexandria
Chris Brown,531593,Chris Brown,S,Middle Tennessee,Donalsonville
Chris Brown,535188,Chris Brown,RB,Oregon State,Fresno
Chris Brown,535947,Chris Brown,WR,Notre Dame,Hanahan
Chris Brown,4039068,Chris Brown,DB,Texas,Houston
Chris Brown,4685758,Chris Brown,OL,Georgia,Savannah
Chris Brown,5301568,Chris Brown,DL,Austin Peay,Mcdonough
Keith Bulluck,,,,,
Tyrone Calico,,,,,
Rocky Calmus,,,,,
Kevin Carter,4255537,JeKevin Carter,LB,Arkansas-Pine Bluff,Chicago
Anthony Dunn,4880478,Anthony Dunn,DE,Florida A&M,Sanford
Anthony Dunn,4880478,Anthony Dunn,DE,Toledo,Sanford
Anthony Dunn,5095066,Anthony Dunn,DL,Marshall,Sanford
Andre Dyson,,,,,
Mike Echols,,,,,
Eddie George,,,,,
Carlos Hall,,,,,
Justin Hartwig,,,,,
Albert Haynesworth,,,,,
Craig Hentrich,,,,,
Dwone Hicks,,,,,
Darrell Hill,,,,,
Robert Holcombe,,,,,
Brad Hopkins,,,,,
Ray Jackson,,,,,
Brad Kassell,,,,,
Jevon Kearse,,,,,
Erron Kinney,,,,,
Jordan Kramer,,,,,
Rien Long,,,,,
Derrick Mason,,,,,
Jason Mathews,,,,,
Justin McCareins,,,,,
Scott McGarrahan,,,,,
Steve McNair,,,,,
Shad Meier,,,,,
Fred Miller,,,,,
Joe Nedney,,,,,
Donnie Nickey,,,,,
Neil O'Donnell,,,,,
Benji Olson,,,,,
Juqua Parker,,,,,
Samari Rolle,,,,,
Lance Schulters,,,,,
Peter Sirmon,,,,,
Zach Piller,,,,,
Jake Schifino,,,,,
Robaire Smith,,,,,
Lamont Thompson,,,,,
Billy Volek,,,,,
Ray Wells,,,,,
Tank Williams,,,,,
Andre Woolfolk,,,,,
Frank Wycheck,,,,,
Blue Adams,,,,,
David Allen,-1038434,David Allen,LB,UCLA,San Gabriel
David Allen,-1038345,David Allen,FB,UCLA,San Gabriel
Lionel Barnes,,,,,
Akin Ayodele,,,,,
Tony Brackens,,,,,
Kyle Brady,,,,,
Mark Brunell,,,,,
Danny Clark,-1001969,Danny Clark,FB,Arizona State,Scottsdale
Danny Clark,4240777,Danny Clark,QB,Kentucky,Columbus
Danny Clark,4240777,Danny Clark,QB,Vanderbilt,Columbus
Fernando Bryant,4583381,Fernando Bryant,DB,Stetson,Jonesboro
Jason Craft,,,,,
Deke Cooper,,,,,
Donovin Darius,,,,,
Hugh Douglas,,,,,
Marc Edwards,514775,Marc Edwards,WR,Tulane,New Orleans
Troy Edwards,4690950,Troy Edwards Jr.,WR,North Texas,Midlothian
Brad Franklin,,,,,
Chris Fuamatu-Ma'afala,,,,,
David Garrard,,,,,
Tony Gilbert,,,,,
Cortez Hankton,,,,,
Chris Hanson,,,,,
Matthew Hatchette,,,,,
Deon Humphrey,4259258,Deon Humphrey,OL,Florida Atlantic,Delray Beach
John Henderson,-1032816,John Henderson,DL,Southern Miss,Oakland City
John Henderson,5219016,John Henderson,P,Bowling Green,Acton
Leander Jordan,,,,,
Byron Leftwich,,,,,
Matt Leonard,,,,,
Jermaine Lewis,,,,,
Chris Luzar,,,,,
Malaefou MacKenzie,,,,,
Vince Manuwai,,,,,
Seth Marler,,,,,
Rashean Mathis,,,,,
Brad Meester,,,,,
Rob Meier,,,,,
Anthony Mitchell,,,,,
Keith Mitchell,,,,,
Chris Naeole,,,,,
Jamar Nesbit,,,,,
Mike Peterson,5198328,Mike Peterson Jr.,WR,Florida,Gainesville
Jimmy Redmond,,,,,
Mike Pearson,,,,,
Micah Ross,,,,,
Ray Perryman,,,,,
Mark Royals,,,,,
Jimmy Smith,188489,Jimmy Smith,CB,Colorado,Colton
Nick Sorensen,,,,,
Paul Spicer,,,,,
J.J. Stokes,,,,,
Marcus Stroud,,,,,
Fred Taylor,,,,,
Shannon Taylor,,,,,
Kiwaukee Thomas,,,,,
LaBrandon Toefield,,,,,
James Trapp,,,,,
Eric Westmoreland,,,,,
Maurice Williams,5079638,Maurice Williams II,S,Arizona State,Alief
Maurice Williams,5079638,Maurice Williams II,S,Houston,Alief
George Wrighster,,,,,
Joe Zelenka,,,,,
Charlie Adams,5298080,Charlie Adams,OL,Cal Poly,Los Angeles
Mike Anderson,,,,,
Bertrand Berry,5226514,Bertrand Berry II,DL,Valparaiso,Gilbert
Steve Beuerlein,,,,,
Sam Brandon,,,,,
Blake Brockermeyer,,,,,
Keith Burns,ERROR: max retries exceeded,,,,
Cooper Carlisle,ERROR: max retries exceeded,,,,
Dwayne Carswell,ERROR: max retries exceeded,,,,
Chris Cole,ERROR: max retries exceeded,,,,
Dorsett Davis,ERROR: max retries exceeded,,,,
Reuben Droughns,ERROR: max retries exceeded,,,,
Mario Fatafehi,ERROR: max retries exceeded,,,,
Jason Elam,ERROR: max retries exceeded,,,,
Nick Ferguson,ERROR: max retries exceeded,,,,
Daryl Gardener,ERROR: max retries exceeded,,,,
George Foster,ERROR: max retries exceeded,,,,
Ian Gold,ERROR: max retries exceeded,,,,
Quentin Griffin,ERROR: max retries exceeded,,,,
Ben Hamilton,ERROR: max retries exceeded,,,,
Patrick Hape,ERROR: max retries exceeded,,,,
Reggie Hayward,ERROR: max retries exceeded,,,,
Kelly Herndon,ERROR: max retries exceeded,,,,
Steve Herndon,ERROR: max retries exceeded,,,,
Darius Holland,ERROR: max retries exceeded,,,,
Jarious Jackson,ERROR: max retries exceeded,,,,
Nate Jackson,ERROR: max retries exceeded,,,,
Danny Kanell,ERROR: max retries exceeded,,,,
Kenoy Kennedy,ERROR: max retries exceeded,,,,
Micah Knorr,ERROR: max retries exceeded,,,,
Mike Leach,ERROR: max retries exceeded,,,,
Ashley Lelie,ERROR: max retries exceeded,,,,
Matt Lepsis,ERROR: max retries exceeded,,,,
Adrian Madise,ERROR: max retries exceeded,,,,
Ed McCaffrey,ERROR: max retries exceeded,,,,
Ryan McNeil,ERROR: max retries exceeded,,,,
Willie Middlebrooks,ERROR: max retries exceeded,,,,
John Mobley,ERROR: max retries exceeded,,,,
Tom Nalen,ERROR: max retries exceeded,,,,
Dan Neil,ERROR: max retries exceeded,,,,
Deltha O'Neal,ERROR: max retries exceeded,,,,
Terry Pierce,ERROR: max retries exceeded,,,,
Jake Plummer,ERROR: max retries exceeded,,,,
Monsanto Pope,ERROR: max retries exceeded,,,,
Clinton Portis,ERROR: max retries exceeded,,,,
Trevor Pryce,ERROR: max retries exceeded,,,,
Jeb Putzier,ERROR: max retries exceeded,,,,
Johnny Rutledge,ERROR: max retries exceeded,,,,
Ephraim Salaam,ERROR: max retries exceeded,,,,
Cecil Sapp,ERROR: max retries exceeded,,,,
Shannon Sharpe,ERROR: max retries exceeded,,,,
Rod Smith,ERROR: max retries exceeded,,,,
Jimmy Spencer,ERROR: max retries exceeded,,,,
Donnie Spragan,ERROR: max retries exceeded,,,,
Jashon Sykes,ERROR: max retries exceeded,,,,
Scott Turner,ERROR: max retries exceeded,,,,
Lenny Walls,ERROR: max retries exceeded,,,,
Al Wilson,ERROR: max retries exceeded,,,,
Chris Young,ERROR: max retries exceeded,,,,
Morten Andersen,ERROR: max retries exceeded,,,,
Bill Baber,ERROR: max retries exceeded,,,,
Jason Baker,ERROR: max retries exceeded,,,,
Shawn Barber,ERROR: max retries exceeded,,,,
William Bartee,ERROR: max retries exceeded,,,,
Julian Battle,ERROR: max retries exceeded,,,,
Monty Beisel,ERROR: max retries exceeded,,,,
Derrick Blaylock,ERROR: max retries exceeded,,,,
Marc Boerigter,ERROR: max retries exceeded,,,,
John Browning,ERROR: max retries exceeded,,,,
Quinton Caver,ERROR: max retries exceeded,,,,
Todd Collins,ERROR: max retries exceeded,,,,
Eric Downing,ERROR: max retries exceeded,,,,
Jason Dunn,ERROR: max retries exceeded,,,,
Omar Easy,ERROR: max retries exceeded,,,,
Clint Finley,ERROR: max retries exceeded,,,,
Eddie Freeman,ERROR: max retries exceeded,,,,
Scott Fujita,ERROR: max retries exceeded,,,,
Kendall Gammon,ERROR: max retries exceeded,,,,
Tony Gonzalez,ERROR: max retries exceeded,,,,
Trent Green,ERROR: max retries exceeded,,,,
Dante Hall,ERROR: max retries exceeded,,,,
Corey Harris,ERROR: max retries exceeded,,,,
Shaunard Harts,ERROR: max retries exceeded,,,,
Eric Hicks,ERROR: max retries exceeded,,,,
Vonnie Holliday,ERROR: max retries exceeded,,,,
Priest Holmes,ERROR: max retries exceeded,,,,
Darrius Johnson,ERROR: max retries exceeded,,,,
Larry Johnson,ERROR: max retries exceeded,,,,
Fred Jones,ERROR: max retries exceeded,,,,
Eddie Kennison,ERROR: max retries exceeded,,,,
Mike Maslowski,ERROR: max retries exceeded,,,,
Dexter McCleon,ERROR: max retries exceeded,,,,
Kawika Mitchell,ERROR: max retries exceeded,,,,
Johnnie Morton,ERROR: max retries exceeded,,,,
Allen Reese,ERROR: max retries exceeded,,,,
Tony Richardson,ERROR: max retries exceeded,,,,
Montique Sharpe,ERROR: max retries exceeded,,,,
Willie Roaf,ERROR: max retries exceeded,,,,
Will Shields,ERROR: max retries exceeded,,,,
Ryan Sims,ERROR: max retries exceeded,,,,
Marcus Spears,ERROR: max retries exceeded,,,,
Gary Stills,ERROR: max retries exceeded,,,,
John Tait,ERROR: max retries exceeded,,,,
R-Kal Truluck,ERROR: max retries exceeded,,,,
LaShaun Ward,ERROR: max retries exceeded,,,,
Brian Waters,ERROR: max retries exceeded,,,,
Eric Warfield,ERROR: max retries exceeded,,,,
Greg Wesley,ERROR: max retries exceeded,,,,
Lyle West,ERROR: max retries exceeded,,,,
Casey Wiegmann,ERROR: max retries exceeded,,,,
Jimmy Wilkerson,ERROR: max retries exceeded,,,,
Jerome Woods,ERROR: max retries exceeded,,,,
Donald Willis,ERROR: max retries exceeded,,,,
Trace Armstrong,ERROR: max retries exceeded,,,,
Nnamdi Asomugha,ERROR: max retries exceeded,,,,
Larry Atkins,ERROR: max retries exceeded,,,,
Brad Badger,ERROR: max retries exceeded,,,,
Eric Barton,ERROR: max retries exceeded,,,,
Tyler Brayton,ERROR: max retries exceeded,,,,
Lorenzo Bromell,ERROR: max retries exceeded,,,,
Tim Brown,ERROR: max retries exceeded,,,,
Phillip Buchanon,ERROR: max retries exceeded,,,,
Roderick Coleman,ERROR: max retries exceeded,,,,
Mo Collins,ERROR: max retries exceeded,,,,
Chris Cooper,ERROR: max retries exceeded,,,,
Zack Crockett,ERROR: max retries exceeded,,,,
Ronald Curry,ERROR: max retries exceeded,,,,
Anthony Dorsett,ERROR: max retries exceeded,,,,
Justin Fargas,ERROR: max retries exceeded,,,,
Rich Gannon,ERROR: max retries exceeded,,,,
Doug Gabriel,ERROR: max retries exceeded,,,,
Charlie Garner,ERROR: max retries exceeded,,,,
Derrick Gibson,ERROR: max retries exceeded,,,,
Akbar Gbaja-Biamila,ERROR: max retries exceeded,,,,
Sean Gilbert,ERROR: max retries exceeded,,,,
DeLawrence Grant,ERROR: max retries exceeded,,,,
Napoleon Harris,ERROR: max retries exceeded,,,,
Chris Hetherington,ERROR: max retries exceeded,,,,
Grant Irons,ERROR: max retries exceeded,,,,
Corey Hulsey,ERROR: max retries exceeded,,,,
Sebastian Janikowski,ERROR: max retries exceeded,,,,
Ronney Jenkins,ERROR: max retries exceeded,,,,
Eric Johnson,ERROR: max retries exceeded,,,,
Rob Johnson,ERROR: max retries exceeded,,,,
Tim Johnson,ERROR: max retries exceeded,,,,
Teyo Johnson,ERROR: max retries exceeded,,,,
Doug Jolley,ERROR: max retries exceeded,,,,
