Year,Team,PlayerID,Player,Position,AV
2024,cle,AkinJo00,Jordan Akins,TE,2
2024,cle,AnusCh00,Chigozie Anusiem,CB,0
2024,cle,BateBr00,Brenden Bates,TE,0
2024,cle,BellDA03,D'Anthony Bell,S,1
2024,cle,BellDa02,David Bell,WR,0
2024,cle,BitoJo00,Joel Bitonio,LG,5
2024,cle,BojoCo00,Corey Bojorquez,P,5
2024,cle,BrigJo00,Jowon Briggs,DT,1
2024,cle,BrigGa00,Gary Brightwell,RB,0
2024,cle,BrowTo01,Tony Brown,DB,0
2024,cle,BushDe01,Devin Bush Jr.,LLB,5
2024,cle,ChriGe01,Geron Christian,OT,0
2024,cle,ChubNi00,Nick Chubb,RB,2
2024,cle,CoheJa00,Javion Cohen,G,0
2024,cle,ConkJa00,Jack Conklin,RT,3
2024,cle,CoopAm00,Amari Cooper,WR,1
2024,cle,DardJa00,Jaelon Darden,WR,0
2024,cle,DaviKa02,Kaden Davis,WR,0
2024,cle,DelpGr00,Grant Delpit,SS,6
2024,cle,DiabMo00,Mohamoud Diabate,RLB,5
2024,cle,DunnMi01,Michael Dunn,G,1
2024,cle,DwumMi00,Michael Dwumfour,DT,0
2024,cle,EdmoCh01,Chris Edmonds,DB,0
2024,cle,EmerMa00,Martin Emerson,RCB,5
2024,cle,FielTo00,Tony Fields,LB,0
2024,cle,FordJe00,Jerome Ford,RB,4
2024,cle,FordMi01,Mike Ford,CB,1
2024,cle,ForeDO00,D'Onta Foreman,RB,1
2024,cle,GarrMy00,Myles Garrett,RDE,17
2024,cle,HailKa00,Kahlef Hailassie,CB,0
2024,cle,HallMi00,Michael Hall,DT,2
2024,cle,HardMy00,Myles Harden,CB,0
2024,cle,HarrNi01,Nick Harris,C,1
2024,cle,HarrSh00,Shelby Harris,RDT,5
2024,cle,HickRo00,Ronnie Hickman,S,2
2024,cle,HickJo00,Jordan Hicks,LB,5
2024,cle,HopkDu00,Dustin Hopkins,K,0
2024,cle,HousJa01,James Houston,DE,0
2024,cle,HudsJa00,James Hudson,T,1
2024,cle,HudsKh00,Khaleke Hudson,OLB,1
2024,cle,HughCh01,Charley Hughlett,LS,0
2024,cle,HursMa00,Maurice Hurst Jr.,DT,1
2024,cle,IfedGe00,Germain Ifedi,LT,2
2024,cle,JeffQu00,Quinton Jefferson,DT,0
2024,cle,JeudJe00,Jerry Jeudy,WR,7
2024,cle,JoneDa07,Dawand Jones,T,2
2024,cle,KamaSa00,Sam Kamara,DE,1
2024,cle,KiboJa00,Jacob Kibodi,RB,0
2024,cle,McGiT.00,T.Y. McGill,DT,0
2024,cle,McGuIs00,Isaiah McGuire,DE,2
2024,cle,McLeRo00,Rodney McLeod,S,3
2024,cle,MitcCa01,Cameron Mitchell,CB,1
2024,cle,MoorEl00,Elijah Moore,WR,3
2024,cle,NewsGr00,Greg Newsome II,CB,2
2024,cle,NjokDa00,David Njoku,TE,3
2024,cle,OkorOg00,Ogbonnia Okoronkwo,DE,3
2024,cle,OwusJe00,Jeremiah Owusu-Koramoah,MLB,4
2024,cle,PattRi01,Riley Patterson,K,0
2024,cle,PociEt00,Ethan Pocic,C,4
2024,cle,ProcJa00,James Proche,WR,0
2024,cle,ReidWi01,Winston Reid,OLB,2
2024,cle,SmitEl00,Elerson Smith,DE,0
2024,cle,SmitZa00,Za'Darius Smith,LDE,4
2024,cle,StroPi00,Pierre Strong,RB,1
2024,cle,SunaRe00,Rex Sunahara,LS,0
2024,cle,SwaiGe00,Geoff Swaim,TE,0
2024,cle,TellWy00,Wyatt Teller,RG,3
2024,cle,ThomCa03,Cameron Thomas,DE,0
2024,cle,ThomDo02,Dorian Thompson-Robinson,QB,1
2024,cle,ThorJu00,Juan Thornhill,FS,4
2024,cle,ThraJa01,Jamari Thrash,WR,0
2024,cle,TillCe01,Cedric Tillman,WR,2
2024,cle,TomlDa00,Dalvin Tomlinson,LDT,7
2024,cle,ToneKa00,Kadarius Toney,WR,0
2024,cle,WardDe02,Denzel Ward,LCB,9
2024,cle,WatsDe00,Deshaun Watson,QB,0
2024,cle,WatsNa00,Nathaniel Watson,LB,1
2024,cle,WhitBl01,Blake Whiteheart,TE,0
2024,cle,WillJe04,Jedrick Wills Jr.,T,1
2024,cle,WinsJa00,Jameis Winston,QB,4
2024,cle,WoodMi00,Michael Woods II,WR,0
2024,cle,WrigAl01,Alex Wright,DE,0
2024,cle,ZappBa00,Bailey Zappe,QB,0
2024,cle,ZintZa00,Zak Zinter,G,1
2024,rav,AghoNe00,Nelson Agholor,WR,2
2024,rav,AlixRa00,Rasheen Ali,RB,0
2024,rav,AndrMa00,Mark Andrews,TE,7
2024,rav,ArmoJa00,Jalyn Armour-Davis,CB,1
2024,rav,AumaMa00,Malaesala Aumavae-Laulu,G,0
2024,rav,BateRa00,Rashod Bateman,WR,8
2024,rav,BoarCh00,Chris Board,LB,2
2024,rav,BradBe01,Beau Brade,S,0
2024,rav,ClevBe00,Ben Cleveland,G,1
2024,rav,CollCh01,Chris Collier,RB,0
2024,rav,CoopBu00,Bump Cooper,CB,0
2024,rav,FaalDa00,Daniel Faalele,RG,9
2024,rav,FlowZa00,Zay Flowers,WR,11
2024,rav,HamiKy00,Kyle Hamilton,SS,8
2024,rav,HarrMa06,Malik Harrison,LB,3
2024,rav,HarrDe07,Deonte Harty,WR,0
2024,rav,HenrDe00,Derrick Henry,RB,16
2024,rav,HillJu00,Justice Hill,RB,5
2024,rav,HollKa00,Ka'dar Hollman,CB,0
2024,rav,HumpMa00,Marlon Humphrey,LCB,12
2024,rav,IsaaAd00,Adisa Isaac,OLB,0
2024,rav,JackEd01,Eddie Jackson,FS,1
2024,rav,JackLa00,Lamar Jackson,QB,21
2024,rav,JohnDi01,Diontae Johnson,WR,0
2024,rav,JohnJo05,Josh Johnson,QB,0
2024,rav,JoneJo07,Josh Jones,OL,1
2024,rav,JoneTr00,Travis Jones,NT,6
2024,rav,KaneSa00,Sanoussi Kane,S,1
2024,rav,KellJo00,John Kelly,RB,0
2024,rav,KingDe01,Desmond King,CB,0
2024,rav,KolaCh00,Charlie Kolar,TE,1
2024,rav,KwenWi00,William Kwenkeu,LB,0
2024,rav,LikeIs00,Isaiah Likely,TE,5
2024,rav,LindTy00,Tyler Linderbaum,C,10
2024,rav,MaduJu00,Nnamdi Madubuike,DT,10
2024,rav,MaulAr00,Arthur Maulet,CB,0
2024,rav,MekaPa00,Patrick Mekari,LG,8
2024,rav,MillAn02,Anthony Miller,WR,0
2024,rav,MitcKe01,Keaton Mitchell,RB,0
2024,rav,MoorNi00,Nick Moore,LS,1
2024,rav,NgakYa00,Yannick Ngakoue,OLB,0
2024,rav,OjabDa00,David Ojabo,OLB,1
2024,rav,OwehJa00,Odafe Oweh,LOLB,5
2024,rav,PierMi00,Michael Pierce,NT,1
2024,rav,RicaPa00,Patrick Ricard,FB,0
2024,rav,RobiTa00,Tavius Robinson,OLB,4
2024,rav,RoseRo01,Roger Rosengarten,RT,8
2024,rav,RossJo01,Josh Ross,LB,0
2024,rav,SimpTr00,Trenton Simpson,RLB,6
2024,rav,SimsSt00,Steven Sims,WR,0
2024,rav,SmitRo07,Roquan Smith,LILB,14
2024,rav,StanRo00,Ronnie Stanley,LT,12
2024,rav,StepBr01,Brandon Stephens,RCB,4
2024,rav,StouJo00,Jordan Stout,P,2
2024,rav,TampTJ00,T.J. Tampa,CB,0
2024,rav,TuckJu00,Justin Tucker,K,2
2024,rav,TupoJo00,Josh Tupou,NT,0
2024,rav,UrbaBr00,Brent Urban,DL,1
2024,rav,VanNKy00,Kyle Van Noy,ROLB,9
2024,rav,VorhAn00,Andrew Vorhees,OL,2
2024,rav,WalkDe01,Devontez Walker,WR,0
2024,rav,WallTy00,Tylan Wallace,WR,2
2024,rav,WashAr00,Ar'Darius Washington,S,3
2024,rav,WashBr01,Broderick Washington Jr.,DT,3
2024,rav,WelcKr00,Kristian Welch,LB,1
2024,rav,WhitTr01,Tre'Davious White,CB,0
2024,rav,WiggNa00,Nate Wiggins,CB,2
2024,rav,WillMa06,Marcus Williams,FS,2
2024,rav,WormCh00,Chris Wormley,DL,0
2024,cin,AdomCa00,Cal Adomitis,LS,1
2024,cin,AllxEr00,Erick All,TE,1
2024,cin,AndeTy00,Tycen Anderson,S,1
2024,cin,AnthDa00,Daijahn Anthony,S,1
2024,cin,BachJo01,Joe Bachie,LB,1
2024,cin,BattJo00,Jordan Battle,S,3
2024,cin,BellVo00,Vonn Bell,FS,4
2024,cin,BrowCh10,Chase Brown,RB,10
2024,cin,BrowOr00,Orlando Brown Jr.,LT,6
2024,cin,BrowTr02,Trent Brown,OT,2
2024,cin,BrowJa08,Jake Browning,QB,0
2024,cin,BurrJo01,Joe Burrow,QB,16
2024,cin,BurtJe01,Jermaine Burton,WR,1
2024,cin,CappAl00,Alex Cappa,RG,8
2024,cin,CartZa00,Zachary Carter,DT,1
2024,cin,ChasJa00,Ja'Marr Chase,WR,16
2024,cin,CochDe00,Devin Cochran,OT,1
2024,cin,DaviJa06,Jalen Davis,CB,0
2024,cin,DaviAk01,Akeem Davis-Gaither,RLB,4
2024,cin,FordCo00,Cody Ford,G,5
2024,cin,GesiMi00,Mike Gesicki,TE,6
2024,cin,GranCa00,Cam Grandy,TE,0
2024,cin,GuyxLa00,Lawrence Guy,DT,1
2024,cin,HendTr00,Trey Hendrickson,RDE,15
2024,cin,HenrKJ00,K.J. Henry,DE,0
2024,cin,HerbKh00,Khalil Herbert,RB,1
2024,cin,HeywSh00,Shaka Heyward,LB,0
2024,cin,HiggTe00,Tee Higgins,WR,8
2024,cin,HillB.00,B.J. Hill,RDT,6
2024,cin,HillDa04,Daxton Hill,CB,1
2024,cin,HillTr03,Trey Hill,C,0
2024,cin,HiltMi01,Mike Hilton,CB,3
2024,cin,HubbSa00,Sam Hubbard,LDE,6
2024,cin,HudsTa00,Tanner Hudson,TE,1
2024,cin,IosiAn00,Andrei Iosivas,WR,4
2024,cin,IrwiTr00,Trenton Irwin,WR,0
2024,cin,IveyDJ00,DJ Ivey,CB,1
2024,cin,JackMc00,McKinnley Jackson,DT,1
2024,cin,JenkKr01,Kris Jenkins,LDT,4
2024,cin,JohnCe01,Cedric Johnson,DE,1
2024,cin,JoneCh11,Charlie Jones,WR,1
2024,cin,KarrTe00,Ted Karras,C,8
2024,cin,KirkJa03,Jaxson Kirkland,G,0
2024,cin,LeexMa02,Matt Lee,C,2
2024,cin,McLaTa00,Tanner McLachlan,TE,0
2024,cin,McPhEv00,Evan McPherson,K,1
2024,cin,MiltKe01,Kendall Milton,RB,0
2024,cin,MimsAm00,Amarius Mims,RT,8
2024,cin,MossZa00,Zack Moss,RB,3
2024,cin,MurpMy00,Myles Murphy,DE,1
2024,cin,NewtJo00,Josh Newton,RCB,2
2024,cin,NjonMa00,Maema Njongmeta,LB,2
2024,cin,OssaJo00,Joseph Ossai,DE,2
2024,cin,PratGe00,Germaine Pratt,MLB,7
2024,cin,PryoKe00,Kendric Pryor,WR,0
2024,cin,RankSh00,Sheldon Rankins,DT,3
2024,cin,RehkRy00,Ryan Rehkow,P,3
2024,cin,SampDr00,Drew Sample,TE,1
2024,cin,StonGe00,Geno Stone,SS,6
2024,cin,StueAn00,Andrew Stueber,OT,1
2024,cin,TaylCa01,Cam Taylor-Britt,LCB,6
2024,cin,TufeJa00,Jay Tufele,DT,2
2024,cin,TurnDJ01,DJ Turner,CB,2
2024,cin,VolsCo02,Cordell Volson,LG,7
2024,cin,WillIs03,Isaiah Williams,WR,0
2024,cin,WillTr06,Trayveon Williams,RB,0
2024,cin,WilsLo00,Logan Wilson,LLB,5
2024,cin,WilsMa04,Marco Wilson,CB,0
2024,cin,YorkCa00,Cade York,K,0
2024,pit,AdamMo00,Montravius Adams,DT,1
2024,pit,AlleKy00,Kyle Allen,QB,0
2024,pit,AndeCa00,Calvin Anderson,OT,0
2024,pit,AndeSp00,Spencer Anderson,OL,2
2024,pit,AustCa00,Calvin Austin III,WR,6
2024,pit,BentKe00,Keeanu Benton,NT,7
2024,pit,BishBe00,Beanie Bishop,CB,4
2024,pit,BoswCh00,Chris Boswell,K,6
2024,pit,DaniJa01,James Daniels,OL,2
2024,pit,EdmuTe00,Terrell Edmunds,S,0
2024,pit,ElliDe02,DeShon Elliott,FS,6
2024,pit,ElliJa05,Jalen Elliott,S,0
2024,pit,FautTr00,Troy Fautanu,OT,0
2024,pit,FielJu00,Justin Fields,QB,6
2024,pit,FitzMi00,Minkah Fitzpatrick,SS,8
2024,pit,FrazZa00,Zach Frazier,C,6
2024,pit,FreiPa00,Pat Freiermuth,TE,6
2024,pit,GrahTh00,Thomas Graham,DB,0
2024,pit,HarrNa00,Najee Harris,RB,8
2024,pit,HerbNi00,Nick Herbig,LB,4
2024,pit,HeywCa01,Cameron Heyward,LDE,16
2024,pit,HeywCo00,Connor Heyward,TE,0
2024,pit,HighAl02,Alex Highsmith,ROLB,5
2024,pit,JackDo02,Donte Jackson,LCB,6
2024,pit,JeffVa00,Van Jefferson,WR,3
2024,pit,JohnBr23,Brandon Johnson,WR,0
2024,pit,JohnCa02,Cameron Johnston,P,0
2024,pit,JoneBr09,Broderick Jones,RT,8
2024,pit,KazeDa00,Damontae Kazee,S,1
2024,pit,KillMi00,Miles Killebrew,S,3
2024,pit,KuntCh02,Christian Kuntz,LS,1
2024,pit,LealDe00,DeMarvin Leal,DE,0
2024,pit,LeotEk00,Eku Leota,LB,0
2024,pit,LoudIs00,Isaiahh Loudermilk,DT,1
2024,pit,LowrDe00,Dean Lowry,DT,1
2024,pit,MataTy00,Tyler Matakevich,LB,1
2024,pit,McCoRy00,Ryan McCollum,C,2
2024,pit,McCoMa00,Mason McCormick,RG,6
2024,pit,MillSc01,Scott Miller,WR,1
2024,pit,MoonJe00,Jeremiah Moon,LB,1
2024,pit,MoorDa05,Dan Moore,LT,8
2024,pit,OgunAd01,Adetokunbo Ogundeji,OLB,0
2024,pit,OgunLa00,Larry Ogunjobi,RDE,5
2024,pit,PattCo00,Cordarrelle Patterson,RB,2
2024,pit,PickGe00,George Pickens,WR,8
2024,pit,PierJa01,James Pierre,CB,2
2024,pit,PortJo02,Joey Porter Jr.,RCB,6
2024,pit,PruiMy00,MyCole Pruitt,TE,0
2024,pit,QueePa00,Patrick Queen,LILB,10
2024,pit,RobeEl00,Elandon Roberts,RILB,6
2024,pit,RobiMa03,Mark Robinson,LB,1
2024,pit,RushDa00,Darius Rush,CB,0
2024,pit,SchaMa01,Max Scharping,G,0
2024,pit,SeumIs00,Isaac Seumalo,LG,7
2024,pit,ShamAa00,Aaron Shampklin,RB,0
2024,pit,SkowBe00,Ben Skowronek,WR,1
2024,pit,SmitPr00,Preston Smith,LB,1
2024,pit,SuttCa00,Cameron Sutton,CB,1
2024,pit,TricCo00,Cory Trice,CB,1
2024,pit,WaitCo00,Corliss Waitman,P,3
2024,pit,WardJo00,Jonathan Ward,RB,0
2024,pit,WarrJa01,Jaylen Warren,RB,6
2024,pit,WashDa03,Darnell Washington,TE,2
2024,pit,WattT.00,T.J. Watt,LOLB,14
2024,pit,WillMi07,Mike Williams,WR,1
2024,pit,WillRo08,Rodney Williams,TE,0
2024,pit,WilsPa00,Payton Wilson,LB,4
2024,pit,WilsRo02,Roman Wilson,WR,0
2024,pit,WilsRu00,Russell Wilson,QB,9
2024,clt,AdebAd00,Adetomiwa Adebawore,DT,1
2024,clt,AlieMo00,Mo Alie-Cox,TE,1
2024,clt,AndeLi00,Liam Anderson,LB,0
2024,clt,AverGe00,Genard Avery,DE,0
2024,clt,BlacJu01,Julian Blackmon,FS,6
2024,clt,BortTa00,Tanor Bortolini,G,2
2024,clt,BrenJu00,Julius Brents,CB,0
2024,clt,BryaTa00,Taven Bryan,DT,4
2024,clt,BuckDe00,DeForest Buckner,DT,5
2024,clt,CarlJa01,Jaylon Carlies,LB,3
2024,clt,CrosNi00,Nick Cross,SS,6
2024,clt,DaviRa03,Raekwon Davis,DT,1
2024,clt,DenbTr00,Trevor Denbow,S,0
2024,clt,DownJo00,Josh Downs,WR,7
2024,clt,DuliAs00,Ashton Dulin,WR,1
2024,clt,FlacJo00,Joe Flacco,QB,5
2024,clt,FlowDa00,Dallis Flowers,CB,0
2024,clt,FlowTr01,Tre Flowers,CB,0
2024,clt,FranZa00,Zaire Franklin,LLB,13
2024,clt,FreeBl00,Blake Freeland,T,1
2024,clt,FrieWi00,Will Fries,G,2
2024,clt,GayxMa00,Matt Gay,K,3
2024,clt,GlowMa00,Mark Glowinski,G,2
2024,clt,GoncMa00,Matt Goncalves,T,4
2024,clt,GoodTy00,Tyler Goodson,RB,1
2024,clt,GotsAd00,Adam Gotsis,DT,0
2024,clt,GoulAn00,Anthony Gould,WR,0
2024,clt,GranKy00,Kylen Granson,TE,2
2024,clt,HarrRo02,Ronnie Harrison,S,1
2024,clt,HullEv00,Evan Hull,RB,0
2024,clt,JoneJa13,Jaylon Jones,LCB,6
2024,clt,JoseKe02,Kelvin Joseph,CB,0
2024,clt,KellRy00,Ryan Kelly,C,4
2024,clt,LammCh00,Chris Lammons,CB,2
2024,clt,LandIs00,Isaiah Land,DE,1
2024,clt,LatuLa00,Laiatu Latu,DE,2
2024,clt,LewiTy00,Tyquan Lewis,DE,2
2024,clt,LongDa02,David Long,CB,1
2024,clt,MafiAt00,Atonio Mafi,G,0
2024,clt,MallWi00,Will Mallory,TE,0
2024,clt,McGrCa00,Cameron McGrone,LB,1
2024,clt,MitcAd00,Adonai Mitchell,WR,3
2024,clt,MoorKe03,Kenny Moore,RCB,6
2024,clt,NelsQu00,Quenton Nelson,LG,10
2024,clt,OdeyDa00,Dayo Odeyingbo,RDE,6
2024,clt,OgleAn00,Andrew Ogletree,TE,1
2024,clt,OlubSe00,Segun Olubi,LB,1
2024,clt,PayeKw00,Kwity Paye,LDE,7
2024,clt,PierAl00,Alec Pierce,WR,7
2024,clt,PintDa00,Danny Pinter,C,1
2024,clt,PittMi01,Michael Pittman Jr.,WR,7
2024,clt,RaimBe00,Bernhard Raimann,LT,6
2024,clt,RhodLu00,Luke Rhodes,LS,1
2024,clt,RichAn03,Anthony Richardson,QB,6
2024,clt,SancRi00,Rigoberto Sanchez,P,4
2024,clt,SermTr00,Trey Sermon,RB,2
2024,clt,ShraSp00,Spencer Shrader,K,0
2024,clt,SmitBr06,Braden Smith,RT,5
2024,clt,SpeeEJ00,E.J. Speed,MLB,6
2024,clt,StewGr00,Grover Stewart,NT,8
2024,clt,StuaGr00,Grant Stuard,LB,3
2024,clt,TaylJo02,Jonathan Taylor,RB,9
2024,clt,ThomRo07,Rodney Thomas II,S,1
2024,clt,TreaLa00,Laquon Treadwell,WR,0
2024,clt,TuckDa00,Dalton Tucker,RG,3
2024,clt,WomaSa00,Samuel Womack,CB,4
2024,htx,AkerCa00,Cam Akers,RB,1
2024,htx,AlShAz00,Azeez Al-Shaair,MLB,5
2024,htx,AndeWi01,Will Anderson,LDE,8
2024,htx,AutrDe00,Denico Autry,DE,2
2024,htx,BarnDe01,Derek Barnett,DE,3
2024,htx,BeckAn01,Andrew Beck,FB,0
2024,htx,BoydKr00,Kris Boyd,CB,1
2024,htx,BroeNi00,Nick Broeker,G,1
2024,htx,BrooBr01,British Brooks,RB,0
2024,htx,BryaMy01,Myles Bryant,CB,1
2024,htx,BullCa00,Calen Bullock,FS,5
2024,htx,ByrdSo00,Solomon Byrd,DE,0
2024,htx,CollNi00,Nico Collins,WR,8
2024,htx,DaviKh00,Khalil Davis,DT,1
2024,htx,DecuAu00,Austin Deculus,OT,0
2024,htx,DellNa00,Tank Dell,WR,6
2024,htx,DiggSt00,Stefon Diggs,WR,4
2024,htx,EdwaMa01,Mario Edwards,DT,7
2024,htx,FairKa01,Ka'imi Fairbairn,K,4
2024,htx,FatuFo00,Folorunso Fatukasi,LDT,5
2024,htx,FishBl00,Blake Fisher,T,3
2024,htx,GreeKe02,Kendrick Green,OL,1
2024,htx,GreeKe03,Kenyon Green,LG,3
2024,htx,HairTr00,Troy Hairston,FB,0
2024,htx,HansJa01,Jake Hansen,LB,2
2024,htx,HarrCh06,Christian Harris,LB,1
2024,htx,HewiNe00,Neville Hewitt,LB,3
2024,htx,HillJa02,Jamal Hill,LB,1
2024,htx,HiniKu00,Kurt Hinish,DT,1
2024,htx,HollKa00,Ka'dar Hollman,CB,1
2024,htx,HortDy00,Dylan Horton,DE,1
2024,htx,HowaTy00,Tytus Howard,RT,7
2024,htx,HughJe99,Jerry Hughes,DE,1
2024,htx,HuntDa01,Danielle Hunter,RDE,12
2024,htx,HutcXa00,Xavier Hutchinson,WR,1
2024,htx,JohnDi01,Diontae Johnson,WR,0
2024,htx,JordBr00,Brevin Jordan,TE,0
2024,htx,KingDe01,Desmond King,CB,0
2024,htx,LassKa00,Kamari Lassiter,RCB,5
2024,htx,MasoSh01,Shaq Mason,RG,5
2024,htx,MetcJo00,John Metchie,WR,2
2024,htx,MillDa02,Davis Mills,QB,1
2024,htx,MixoJo00,Joe Mixon,RB,8
2024,htx,MurrEr00,Eric Murray,SS,5
2024,htx,OgunDa00,Dare Ogunbowale,RB,2
2024,htx,OkudJe00,Jeff Okudah,CB,0
2024,htx,PattJa03,Jarrett Patterson,C,3
2024,htx,PhilDe00,Del'Shawn Phillips,LB,1
2024,htx,PierDa01,Dameon Pierce,RB,2
2024,htx,PitrJa00,Jalen Pitre,S,4
2024,htx,QuitTe00,Teagan Quitoriano,TE,0
2024,htx,RossDA03,D'Angelo Ross,CB,1
2024,htx,SchuDa00,Dalton Schultz,TE,4
2024,htx,ScruJu00,Juice Scruggs,OL,4
2024,htx,SettTi00,Tim Settle,RDT,6
2024,htx,SimsSt00,Steven Sims,WR,0
2024,htx,SmitIr01,Irv Smith Jr.,TE,0
2024,htx,StewM.00,M.J. Stewart,S,1
2024,htx,StinDe00,Derek Stingley Jr.,LCB,14
2024,htx,StovCa00,Cade Stover,TE,1
2024,htx,StroCJ00,C.J. Stroud,QB,11
2024,htx,TaylJJ01,J.J. Taylor,RB,0
2024,htx,ThomZa04,Zachary Thomas,OT,0
2024,htx,TooTHe00,Henry To'oTo'o,LLB,7
2024,htx,TogiTo00,Tommy Togiai,DT,1
2024,htx,TownTo01,Tommy Townsend,P,4
2024,htx,TunsLa00,Laremy Tunsil,LT,9
2024,htx,TurnZe00,Zeke Turner,LB,0
2024,htx,WardJi01,Jimmie Ward,S,4
2024,htx,WaynJa01,Jared Wayne,WR,0
2024,htx,WeavRa00,Rashad Weaver,OLB,0
2024,htx,WeekJo00,Jon Weeks,LS,1
2024,htx,WhitDe02,Devin White,LB,1
2024,htx,WoodRo02,Robert Woods,WR,2
2024,htx,YeasRu00,Russ Yeast,S,0
2024,oti,AdamJa00,Jamal Adams,SS,0
2024,oti,AndeAb00,Abdullah Anderson,DL,0
2024,oti,AverTr01,Tre Avery,CB,1
2024,oti,AwuzCh00,Chidobe Awuzie,CB,3
2024,oti,BakeDa02,Darrell Baker,RCB,4
2024,oti,BakeJe00,Jerome Baker,LB,1
2024,oti,BoydTy00,Tyler Boyd,WR,3
2024,oti,BrewCh01,Chandler Brewer,OT,0
2024,oti,BrooKe02,Kendell Brooks,S,0
2024,oti,BrowMi02,Mike Brown,S,2
2024,oti,BrowJa09,Jarvis Brownlee,LCB,5
2024,oti,BrunDa00,Daniel Brunskill,C,4
2024,oti,BrusLo00,Logan Bruss,G,0
2024,oti,BurkTr00,Treylon Burks,WR,0
2024,oti,ChesJu00,Julius Chestnut,RB,1
2024,oti,CobuKe00,Keondre Coburn,DL,1
2024,oti,CoxxMo00,Morgan Cox,LS,1
2024,oti,CushLl00,Lloyd Cushenberry III,C,3
2024,oti,DiggQu00,Quandre Diggs,SS,3
2024,oti,DukeKh00,Khalid Duke,OLB,0
2024,oti,DuncJa00,Jaelyn Duncan,OT,1
2024,oti,FolkNi20,Nick Folk,K,5
2024,oti,GayeAl01,Ali Gaye,OLB,1
2024,oti,GibbJa00,Jack Gibbens,LB,2
2024,oti,GiffLu00,Luke Gifford,LB,3
2024,oti,GrayCe00,Cedric Gray,LB,0
2024,oti,HambAr00,Arlington Hambright,G,0
2024,oti,HardJu01,Justin Hardee,CB,1
2024,oti,HarrJa05,Jaylen Harrell,OLB,1
2024,oti,HookAm00,Amani Hooker,FS,6
2024,oti,HopkDe00,DeAndre Hopkins,WR,1
2024,oti,JackJh00,Jha'Quan Jackson,WR,0
2024,oti,JeudGa00,Gabe Jeudy-Lally,CB,0
2024,oti,JoneEr01,Ernest Jones,RILB,2
2024,oti,JoseSe00,Sebastian Joseph-Day,RDE,6
2024,oti,KellJo01,Joshua Kelley,RB,0
2024,oti,KeyxAr00,Arden Key,LOLB,7
2024,oti,KinsMa00,Mason Kinsey,WR,0
2024,oti,LandHa00,Harold Landry,ROLB,8
2024,oti,LathJC00,JC Latham,LT,7
2024,oti,LeviCo00,Corey Levin,OL,1
2024,oti,LeviWi00,Will Levis,QB,5
2024,oti,LyncJa00,James Lynch,DL,1
2024,oti,MartTa00,Tay Martin,WR,0
2024,oti,MartDa01,David Martin-Robinson,TE,0
2024,oti,McCrRo01,Roger McCreary,CB,3
2024,oti,McMiRa02,Raekwon McMillan,LB,0
2024,oti,MurpCa00,Caleb Murphy,OLB,0
2024,oti,MurrKe00,Kenneth Murray,LILB,6
2024,oti,NarvBr00,Brayden Narveson,K,0
2024,oti,OdukTh00,Thomas Odukoya,TE,0
2024,oti,OjukJo00,John Ojukwu,OL,2
2024,oti,OkonCh00,Chig Okonkwo,TE,4
2024,oti,OlivBr02,Bryce Oliver,WR,1
2024,oti,OwenGe00,Gervarrius Owens,S,0
2024,oti,PetiNi00,Nicholas Petit-Frere,RT,4
2024,oti,PollTo00,Tony Pollard,RB,7
2024,oti,PrinIs00,Isaiah Prince,T,0
2024,oti,RaduDi00,Dillon Radunz,RG,5
2024,oti,ReesOt00,Otis Reese,LB,2
2024,oti,RidlCa00,Calvin Ridley,WR,8
2024,oti,RudoMa00,Mason Rudolph,QB,3
2024,oti,RupcAn00,Andrew Rupcich,OL,0
2024,oti,SimmJe01,Jeffery Simmons,DT,11
2024,oti,SkorPe00,Peter Skoronski,LG,6
2024,oti,SneeLJ00,L'Jarius Sneed,CB,2
2024,oti,SpeaTy00,Tyjae Spears,RB,3
2024,oti,StonRy00,Ryan Stonehouse,P,4
2024,oti,SweaTV01,T'Vondre Sweat,NT,7
2024,oti,VannNi00,Nick Vannett,TE,1
2024,oti,WatsLe00,Leroy Watson,T,2
2024,oti,WestNi00,Nick Westbrook-Ikhine,WR,4
2024,oti,WhylJo01,Josh Whyle,TE,2
2024,oti,WillJa15,James Williams,LB,2
2024,oti,WoodJu00,Julius Wood,S,1
2024,oti,WorlDa00,Daryl Worley,CB,3
2024,oti,WrigMa00,Matthew Wright,K,0
2024,jax,AbduYa00,Yasir Abdullah,LB,2
2024,jax,ArmsAr01,Arik Armstead,DE,1
2024,jax,BigsTa00,Tank Bigsby,RB,5
2024,jax,BrasCh00,Christian Braswell,CB,0
2024,jax,BrowMo00,Montaric Brown,CB,4
2024,jax,CampTy01,Tyson Campbell,RCB,4
2024,jax,CephJo00,Joshua Cephus,WR,0
2024,jax,CiscAn00,Andre Cisco,SS,5
2024,jax,ClevEz00,Ezra Cleveland,LG,6
2024,jax,ColeMy00,Myles Cole,DE,0
2024,jax,ColeDJ00,DJ Coleman,DE,0
2024,jax,CookLo00,Logan Cooke,P,4
2024,jax,CookEl00,Elijah Cooks,WR,0
2024,jax,DarbRo00,Ronald Darby,LCB,4
2024,jax,DaviGa01,Gabe Davis,WR,2
2024,jax,DeguJo00,Josiah Deguara,TE,0
2024,jax,DuveDe00,Devin Duvernay,WR,1
2024,jax,EdmuTe00,Terrell Edmunds,S,0
2024,jax,EngrEv00,Evan Engram,TE,3
2024,jax,EtieTr00,Travis Etienne,RB,5
2024,jax,FarrLu00,Luke Farrell,TE,1
2024,jax,FlowTr01,Tre Flowers,CB,0
2024,jax,FortLu01,Luke Fortner,OL,1
2024,jax,FostJa01,Javon Foster,OL,0
2024,jax,GaziJo01,Joe Gaziano,DE,0
2024,jax,GileJo01,Joe Giles-Harris,LB,0
2024,jax,HamiDa02,DaVon Hamilton,RDT,5
2024,jax,HancBl00,Blake Hance,OL,1
2024,jax,HarrAn00,Anton Harrison,RT,7
2024,jax,AlleJo03,Josh Hines-Allen,LDE,7
2024,jax,HodgCo00,Cooper Hodges,OL,1
2024,jax,JackMa04,Matthew Jackson,CB,0
2024,jax,JeffJo01,Jordan Jefferson,DT,1
2024,jax,JohnAn07,Antonio Johnson,S,3
2024,jax,JohnCa04,Caleb Johnson,LB,1
2024,jax,JohnDE04,D'Ernest Johnson,RB,2
2024,jax,JoneJa14,Jarrian Jones,CB,2
2024,jax,JoneMa05,Mac Jones,QB,3
2024,jax,JoneTi00,Tim Jones,WR,0
2024,jax,KirkCh01,Christian Kirk,WR,3
2024,jax,LacyTy00,Tyler Lacy,LDT,3
2024,jax,LawrTr00,Trevor Lawrence,QB,6
2024,jax,LedbJe00,Jeremiah Ledbetter,DT,2
2024,jax,LittCa00,Cam Little,K,5
2024,jax,LittWa00,Walker Little,LT,3
2024,jax,LloyDe00,Devin Lloyd,RLB,6
2024,jax,MatiRo00,Ross Matiscik,LS,2
2024,jax,MillVe00,Ventrell Miller,LLB,4
2024,jax,MorsMi00,Mitch Morse,C,6
2024,jax,MumaCh00,Chad Muma,LB,2
2024,jax,MuseTa00,Tanner Muse,LB,0
2024,jax,OluoFo00,Foyesade Oluokun,MLB,5
2024,jax,OtomEs00,Esezi Otomewo,DT,1
2024,jax,PittAn01,Anthony Pittman,LB,0
2024,jax,PrinDe01,Deantre Prince,CB,1
2024,jax,ReynJo00,Josh Reynolds,WR,0
2024,jax,RobeRo00,Roy Robertson-Harris,DT,1
2024,jax,RobiCa00,Cam Robinson,OL,3
2024,jax,RobiKe03,Keilan Robinson,RB,0
2024,jax,SavaDa00,Darnell Savage Jr.,FS,4
2024,jax,ScheBr00,Brandon Scherff,RG,6
2024,jax,SmitMa07,Maason Smith,DT,2
2024,jax,StraBr00,Brenton Strange,TE,3
2024,jax,ThomBr06,Brian Thomas,WR,11
2024,jax,ThomDa07,Daniel Thomas,S,1
2024,jax,TramAu00,Austin Trammell,WR,0
2024,jax,VanxCo00,Cole Van Lanen,OL,1
2024,jax,WalkTr03,Travon Walker,RDE,8
2024,jax,WashPa01,Parker Washington,WR,4
2024,jax,WingAn01,Andrew Wingard,S,1
2024,den,AbraKr00,Kris Abrams-Draine,CB,1
2024,den,AdkiNa00,Nate Adkins,TE,1
2024,den,AlexKw00,Kwon Alexander,LB,1
2024,den,AlleZa01,Zach Allen,LDT,15
2024,den,BadiTy00,Tyler Badie,RB,1
2024,den,BailLe00,Levelle Bailey,LB,1
2024,den,BartCo00,Cody Barton,LILB,8
2024,den,BollGa00,Garett Bolles,LT,7
2024,den,BoniNi00,Nik Bonitto,ROLB,16
2024,den,BrowBa01,Baron Browning,OLB,1
2024,den,BurtMi00,Michael Burton,FB,1
2024,den,CoopJo02,Jonathon Cooper,LOLB,9
2024,den,CrumFr00,Frank Crum,OT,0
2024,den,CunnZa00,Zach Cunningham,LB,1
2024,den,DixoRi00,Riley Dixon,P,4
2024,den,DulcGr00,Greg Dulcich,TE,0
2024,den,ElliJo03,Jonah Elliss,OLB,2
2024,den,EstiAu00,Audric Estime,RB,2
2024,den,FlemCa00,Cameron Fleming,T,0
2024,den,ForsAl00,Alex Forsyth,C,2
2024,den,FrabMi00,Mitchell Fraboni,LS,1
2024,den,FranTr00,Troy Franklin,WR,2
2024,den,FranJo02,John Franklin-Myers,RDE,8
2024,den,HumpLi01,Lil'Jordan Humphrey,WR,3
2024,den,JackJo06,Jordan Jackson,DL,1
2024,den,JoneBr06,Brandon Jones,FS,6
2024,den,JoneD.01,D.J. Jones,NT,8
2024,den,KeyxDe00,Devon Key,DB,1
2024,den,KrulLu00,Lucas Krull,TE,1
2024,den,LockPJ00,P.J. Locke,SS,5
2024,den,LutzWi00,Wil Lutz,K,5
2024,den,MathDa00,Damarri Mathis,CB,1
2024,den,McCaTa00,Tanner McCalister,S,0
2024,den,McGlMi00,Mike McGlinchey,RT,6
2024,den,McLaJa00,Jaleel McLaughlin,RB,4
2024,den,McMiJa00,Ja'Quan McMillian,CB,4
2024,den,MeinQu02,Quinn Meinerz,RG,11
2024,den,MimsMa00,Marvin Mims,WR,5
2024,den,MossRi00,Riley Moss,RCB,5
2024,den,NixxBo00,Bo Nix,QB,13
2024,den,PalcAl00,Alex Palczewski,T,2
2024,den,PearMa00,Matt Peart,T,2
2024,den,PoweBe00,Ben Powers,LG,6
2024,den,ReynJo00,Josh Reynolds,WR,2
2024,den,RoacMa01,Malcolm Roach,DT,2
2024,den,SandDr00,Drew Sanders,LB,0
2024,den,SingAl00,Alex Singleton,LB,2
2024,den,SkinJL00,JL Skinner,S,1
2024,den,SmitKe05,Keidron Smith,DB,0
2024,den,SmitTr04,Tremon Smith,CB,1
2024,den,StidJa00,Jarrett Stidham,QB,0
2024,den,StrnJu00,Justin Strnad,RILB,5
2024,den,SurtPa01,Patrick Surtain II,LCB,15
2024,den,SuttCo00,Courtland Sutton,WR,10
2024,den,TaylRe01,Reese Taylor,CB,0
2024,den,ThroCa01,Calvin Throckmorton,G,0
2024,den,TillDo00,Dondrea Tillman,OLB,1
2024,den,TrauAd00,Adam Trautman,TE,2
2024,den,UwazEy00,Eyioma Uwazurike,DL,0
2024,den,VeleDe00,Devaughn Vele,WR,4
2024,den,WallLe00,Levi Wallace,CB,1
2024,den,WatsBl00,Blake Watson,RB,0
2024,den,WattLu00,Luke Wattenberg,C,5
2024,den,WelcKr00,Kristian Welch,LB,1
2024,den,WillJa10,Javonte Williams,RB,6
2024,kan,AnudFe00,Felix Anudike-Uzomah,DE,3
2024,kan,AraiMa00,Matt Araiza,P,3
2024,kan,BoltNi00,Nick Bolton,LLB,8
2024,kan,BozeSw00,Swayze Bozeman,LB,0
2024,kan,BrowMa04,Marquise Brown,WR,1
2024,kan,BushDe00,Deon Bush,DB,0
2024,kan,ButkHa00,Harrison Butker,K,2
2024,kan,CaliMi00,Mike Caliendo,OL,2
2024,kan,ChenLe00,Leo Chenal,RLB,6
2024,kan,ChriCo00,Cole Christiansen,LB,1
2024,kan,CochJa00,Jack Cochrane,LB,1
2024,kan,ConnCh01,Chamarri Conner,DB,4
2024,kan,CookBr02,Bryan Cook,FS,6
2024,kan,CuppBa00,Baylor Cupp,TE,0
2024,kan,DannMi00,Michael Danna,RDE,5
2024,kan,DrisEt00,Ethan Driskell,OT,0
2024,kan,FirkAn00,Anthony Firkser,TE,0
2024,kan,FortJo01,Jody Fortson,TE,0
2024,kan,GrayNo00,Noah Gray,TE,4
2024,kan,HansCJ00,C.J. Hanson,OL,0
2024,kan,HardMe00,Mecole Hardman,WR,1
2024,kan,HendPe01,Peyton Hendershot,TE,0
2024,kan,HerrMa02,Malik Herring,DE,1
2024,kan,HickJa01,Jaden Hicks,DB,2
2024,kan,HopkDe00,DeAndre Hopkins,WR,4
2024,kan,HumpCr00,Creed Humphrey,C,12
2024,kan,HumpD.00,D.J. Humphries,OL,1
2024,kan,HuntKa00,Kareem Hunt,RB,5
2024,kan,IngrKe01,Keaontay Ingram,RB,0
2024,kan,JohnNa01,Nazeeh Johnson,S,2
2024,kan,JoneCa04,Cam Jones,LB,2
2024,kan,JoneCh09,Chris Jones,LDT,16
2024,kan,JoneNi00,Nic Jones,CB,0
2024,kan,KarlGe00,George Karlaftis III,LDE,6
2024,kan,KelcTr00,Travis Kelce,TE,8
2024,kan,LyncBl00,Blake Lynch,LB,0
2024,kan,MahoPa00,Patrick Mahomes,QB,14
2024,kan,McDuTr00,Trent McDuffie,LCB,11
2024,kan,MoorSk01,Skyy Moore,WR,0
2024,kan,MorrWa01,Wanya Morris,LT,5
2024,kan,NnadDe00,Derrick Nnadi,DT,2
2024,kan,NourHu00,Hunter Nourzad,OL,1
2024,kan,OladCh00,Chris Oladokun,QB,0
2024,kan,OmenCh00,Charles Omenihu,DE,1
2024,kan,PachIs00,Isiah Pacheco,RB,3
2024,kan,PennMi00,Mike Pennel,NT,4
2024,kan,PeriSa00,Samaje Perine,RB,4
2024,kan,ReidJu00,Justin Reid,SS,5
2024,kan,RemiNi00,Nikko Remigio,WR,0
2024,kan,RiceRa01,Rashee Rice,WR,3
2024,kan,RolaCh00,Christian Roland-Wallace,CB,2
2024,kan,RossJu00,Justyn Ross,WR,0
2024,kan,ShraSp00,Spencer Shrader,K,1
2024,kan,SmitTr05,Trey Smith,RG,8
2024,kan,SmitJu00,JuJu Smith-Schuster,WR,2
2024,kan,SteeCa00,Carson Steele,RB,1
2024,kan,SuamKi00,Kingsley Suamataia,T,2
2024,kan,TaylJa02,Jawaan Taylor,RT,7
2024,kan,TaylKe03,Keith Taylor,CB,1
2024,kan,ThomCa03,Cameron Thomas,DE,0
2024,kan,ThunJo00,Joe Thuney,LG,12
2024,kan,TranDr00,Drue Tranquill,MLB,8
2024,kan,TuipMa00,Marlon Tuipulotu,DT,0
2024,kan,UcheJo00,Joshua Uche,DE,0
2024,kan,WashMo00,Montrell Washington,WR,0
2024,kan,WatsJa02,Jaylen Watson,RCB,2
2024,kan,WatsJu01,Justin Watson,WR,3
2024,kan,WentCa00,Carson Wentz,QB,0
2024,kan,WharTe00,Tershawn Wharton,RDT,5
2024,kan,WileJa00,Jared Wiley,TE,0
2024,kan,WillJo03,Joshua Williams,CB,2
2024,kan,WincJa00,James Winchester,LS,1
2024,kan,WortXa00,Xavier Worthy,WR,7
2024,kan,WrigMa00,Matthew Wright,K,1
2024,rai,AbduAm00,Ameer Abdullah,RB,4
2024,rai,AdamDa01,Davante Adams,WR,2
2024,rai,BachAl00,Alex Bachman,WR,0
2024,rai,BennJa00,Jakorian Bennett,CB,3
2024,rai,BobeJa00,Jacob Bobenmoyer,LS,1
2024,rai,BoweBr01,Brock Bowers,TE,9
2024,rai,BryaHa00,Harrison Bryant,TE,1
2024,rai,BurnAm00,Amari Burney,LB,1
2024,rai,ButlAd00,Adam Butler,RDT,7
2024,rai,ButlMa02,Matthew Butler,DT,1
2024,rai,CarlDa00,Daniel Carlson,K,3
2024,rai,CartAn01,Andre Carter II,DE,0
2024,rai,CartZa00,Zachary Carter,DT,1
2024,rai,ChaiKL00,K'Lavon Chaisson,DE,3
2024,rai,ColeAJ01,AJ Cole III,P,4
2024,rai,CollCh01,Chris Collier,RB,0
2024,rai,CrosMa00,Maxx Crosby,RDE,9
2024,rai,DeabDi00,Divine Deablo,LLB,6
2024,rai,EichTo00,Tommy Eichenberg,LB,1
2024,rai,EppsMa00,Marcus Epps,S,1
2024,rai,GainAm00,Amari Gainer,LB,1
2024,rai,GlazDe00,Delmar Glaze,RT,5
2024,rai,HarpTh00,Thomas Harper,S,3
2024,rai,HobbNa00,Nate Hobbs,CB,3
2024,rai,HolmDa01,Darnay Holmes,CB,1
2024,rai,JameAn01,Andre James,C,4
2024,rai,JenkJo00,John Jenkins,LDT,7
2024,rai,JoneJa10,Jack Jones,LCB,6
2024,rai,BluxKy00,Kyu Blu Kelly,CB,0
2024,rai,KeytRa00,Ramel Keyton,WR,0
2024,rai,LaubDy00,Dylan Laube,RB,0
2024,rai,LaulJo00,Jonah Laulu,DT,4
2024,rai,MarsTe00,Terrace Marshall Jr.,WR,0
2024,rai,MastLu00,Luke Masterson,LB,1
2024,rai,MattAl01,Alexander Mattison,RB,4
2024,rai,MaugKa00,Kana'i Mauga,LB,1
2024,rai,MayeMi00,Michael Mayer,TE,1
2024,rai,McAlTy00,Tyreik McAllister,WR,0
2024,rai,McCoSi00,Sincere McCormick,RB,1
2024,rai,MereJo00,Jordan Meredith,G,3
2024,rai,MeyeJa01,Jakobi Meyers,WR,8
2024,rai,MillKo00,Kolton Miller,LT,6
2024,rai,MinsGa00,Gardner Minshew II,QB,4
2024,rai,MoehTr00,Tre'von Moehrig,SS,7
2024,rai,MunfTh00,Thayer Munford,T,2
2024,rai,OConAi00,Aidan O'Connell,QB,4
2024,rai,ParhDy00,Dylan Parham,RG,4
2024,rai,PeatAn00,Andrus Peat,OL,1
2024,rai,PolaIs00,Isaiah Pola-Mao,FS,5
2024,rai,PoweJa00,Jackson Powers-Johnson,LG,4
2024,rai,RichDe01,Decamerion Richardson,RCB,3
2024,rai,RiddDe00,Desmond Ridder,QB,1
2024,rai,RobiJa04,Janarius Robinson,DE,1
2024,rai,ShenJo00,John Samuel Shenker,TE,0
2024,rai,ShorJu00,Justin Shorter,TE,0
2024,rai,JadeNe00,Nesta Jade Silvera,DT,1
2024,rai,SmitCh04,Christopher Smith,S,1
2024,rai,SnowCh00,Charles Snowden,LDE,5
2024,rai,SpilRo00,Robert Spillane,MLB,8
2024,rai,TaylTr03,Trey Taylor,S,1
2024,rai,TuckTr00,Tre Tucker,WR,4
2024,rai,TurnDJ00,DJ Turner,WR,1
2024,rai,WebbSa00,Sam Webb,CB,1
2024,rai,WhitZa01,Zamir White,RB,1
2024,rai,WhitCo03,Cody Whitehair,G,1
2024,rai,WilkKr00,Kristian Wilkerson,WR,0
2024,rai,WilkCh00,Christian Wilkins,DT,2
2024,rai,WilsTy01,Tyree Wilson,DE,3
2024,sdg,AltxJo01,Joe Alt,RT,8
2024,sdg,ApplEl00,Eli Apple,CB,0
2024,sdg,BootDi00,Dicaprio Bootle,CB,0
2024,sdg,BosaJo00,Joey Bosa,ROLB,9
2024,sdg,BozeBr00,Bradley Bozeman,C,7
2024,sdg,CharDJ00,DJ Chark,WR,0
2024,sdg,ColsJu00,Junior Colson,LB,1
2024,sdg,DaviDe02,Derius Davis,WR,1
2024,sdg,DickCa00,Cameron Dicker,K,5
2024,sdg,DissWi00,Will Dissly,TE,5
2024,sdg,DobbJK00,J.K. Dobbins,RB,7
2024,sdg,DuprAl00,Bud Dupree,OLB,2
2024,sdg,DyexTr00,Troy Dye,LB,4
2024,sdg,EboiJu00,Justin Eboigbe,DL,0
2024,sdg,EdwaGu00,Gus Edwards,RB,2
2024,sdg,FehoSi00,Simi Fehoko,WR,1
2024,sdg,FinlAJ00,AJ Finley,S,1
2024,sdg,FiskTu00,Tucker Fisk,TE,0
2024,sdg,FitzDe00,Dez Fitzpatrick,WR,0
2024,sdg,FordPo00,Poona Ford,RDT,9
2024,sdg,FoxxMo00,Morgan Fox,DL,3
2024,sdg,FultKr00,Kristian Fulton,LCB,5
2024,sdg,GilmAl00,Alohi Gilman,FS,4
2024,sdg,HarrJo02,Josh Harris,LS,1
2024,sdg,HartCa00,Cam Hart,CB,3
2024,sdg,HaskHa00,Hassan Haskins,RB,1
2024,sdg,HeinTa00,Taylor Heinicke,QB,0
2024,sdg,HenlDa00,Daiyan Henley,LILB,9
2024,sdg,HerbJu00,Justin Herbert,QB,14
2024,sdg,HursHa00,Hayden Hurst,TE,1
2024,sdg,JackEd01,Eddie Jackson,FS,0
2024,sdg,JaimBr00,Brenden Jaimes,OL,1
2024,sdg,JameDe00,Derwin James,SS,11
2024,sdg,JeffTo00,Tony Jefferson,S,2
2024,sdg,JohnJa07,Jaylen Johnson,WR,0
2024,sdg,JohnZi00,Zion Johnson,LG,7
2024,sdg,JohnQu02,Quentin Johnston,WR,7
2024,sdg,LeonDe00,Deane Leonard,DB,1
2024,sdg,LyncBl00,Blake Lynch,LB,0
2024,sdg,MackKh00,Khalil Mack,LOLB,12
2024,sdg,MatlSc00,Scott Matlock,FB/DL,6
2024,sdg,MayeMa00,Marcus Maye,S,1
2024,sdg,McCoLa00,Ladd McConkey,WR,11
2024,sdg,McFaJo00,Jordan McFadden,OL,0
2024,sdg,MoldEl00,Elijah Molden,CB,6
2024,sdg,MurpCa00,Caleb Murphy,LB,0
2024,sdg,MustSa01,Sam Mustipher,C,1
2024,sdg,NiemNi00,Nick Niemann,LB,1
2024,sdg,OgboOt00,Otito Ogbonnia,NT,9
2024,sdg,PalmJo00,Josh Palmer,WR,6
2024,sdg,PattJa01,Jaret Patterson,RB,0
2024,sdg,PerrDe00,Denzel Perryman,RILB,6
2024,sdg,PipkTr00,Trey Pipkins,RG,8
2024,sdg,QuarSh00,Shaquille Quarterman,LB,1
2024,sdg,ReagJa00,Jalen Reagor,WR,1
2024,sdg,RiceBr00,Brenden Rice,WR,0
2024,sdg,SalyJa00,Jamaree Salyer,OL,3
2024,sdg,SamuAs00,Asante Samuel Jr.,CB,1
2024,sdg,SareFo00,Foster Sarell,T,1
2024,sdg,ScotJK00,JK Scott,P,3
2024,sdg,ShenLa00,Laviska Shenault Jr.,WR,0
2024,sdg,SlatRa00,Rashawn Slater,LT,10
2024,sdg,SmarSt00,Stone Smartt,TE,2
2024,sdg,StilTa00,Tarheeb Still,RCB,6
2024,sdg,TartTe00,Teair Tart,DT,2
2024,sdg,TaylJa04,Ja'Sir Taylor,DB,2
2024,sdg,TomlEr01,Eric Tomlinson,TE,0
2024,sdg,TuipTu00,Tuli Tuipulotu,OLB,6
2024,sdg,VidaKi00,Kimani Vidal,RB,2
2024,sdg,WillKe07,Kendall Williamson,DB,0
2024,nwe,AddiTu00,Tucker Addington,LS,0
2024,nwe,AndrDa00,David Andrews,C,1
2024,nwe,AustAl00,Alex Austin,CB,1
2024,nwe,BakeJa00,Javon Baker,WR,0
2024,nwe,BankKe00,Keshawn Banks,LB,0
2024,nwe,BariBr00,Bryce Baringer,P,4
2024,nwe,BarmCh00,Christian Barmore,DT,0
2024,nwe,BattMi00,Miles Battle,CB,0
2024,nwe,BellJa00,Jaheim Bell,TE,0
2024,nwe,BentJa00,Ja'Whaun Bentley,LB,1
2024,nwe,BoldIs00,Isaiah Bolden,CB,1
2024,nwe,BourKe00,Kendrick Bourne,WR,3
2024,nwe,BoutKa00,Kayshon Boutte,WR,5
2024,nwe,BrisJa00,Jacoby Brissett,QB,0
2024,nwe,BrowBe01,Ben Brown,C,3
2024,nwe,CardJo00,Joe Cardona,LS,1
2024,nwe,CottLe00,Lester Cotton,G,0
2024,nwe,DialMa00,Marcellas Dial,DB,1
2024,nwe,DougDe00,DeMario Douglas,WR,5
2024,nwe,DuggKy00,Kyle Dugger,FS,3
2024,nwe,EkuaDa00,Daniel Ekuale,RDE,7
2024,nwe,ElliCh00,Christian Elliss,LILB,4
2024,nwe,EricAl01,Alex Erickson,WR,0
2024,nwe,GibsAn00,Antonio Gibson,RB,5
2024,nwe,GileJo01,Joe Giles-Harris,LB,0
2024,nwe,GodcDa00,Davon Godchaux,NT,7
2024,nwe,GonzCh00,Christian Gonzalez,RCB,10
2024,nwe,HastJa02,Jamycal Hasty,RB,1
2024,nwe,HawkJa00,Jaylinn Hawkins,S,2
2024,nwe,HenrHu00,Hunter Henry,TE,6
2024,nwe,HillTr00,Trysten Hill,DT,0
2024,nwe,HoopAu00,Austin Hooper,TE,4
2024,nwe,JacoCu00,Curtis Jacobs,LB,1
2024,nwe,JacoDe00,Demontrey Jacobs,RT,5
2024,nwe,JennAn00,Anfernee Jennings,ROLB,7
2024,nwe,JennTe00,Terrell Jennings,RB,0
2024,nwe,JohnEr01,Eric Johnson,DT,1
2024,nwe,JoneJo03,Jonathan Jones,LCB,4
2024,nwe,JoneMa06,Marcus Jones,CB,3
2024,nwe,JoneTr01,Truman Jones,DE,0
2024,nwe,JordMi01,Michael Jordan,LG,4
2024,nwe,LeoxTi00,Titus Leo,LB,0
2024,nwe,LeveNi00,Nick Leverett,G,1
2024,nwe,LoweVe00,Vederian Lowe,LT,5
2024,nwe,MapuMa00,Marte Mapu,SS,3
2024,nwe,MathOc00,Ochaun Mathis,OLB,0
2024,nwe,MayeDr00,Drake Maye,QB,8
2024,nwe,McMiRa02,Raekwon McMillan,LB,2
2024,nwe,MiltJo00,Joe Milton,QB,1
2024,nwe,NgakYa00,Yannick Ngakoue,LB,0
2024,nwe,OkorCh00,Chukwuma Okorafor,T,0
2024,nwe,OnweMi00,Michael Onwenu,RG,5
2024,nwe,OsboKJ00,K.J. Osborn,WR,0
2024,nwe,PeppJa00,Jabrill Peppers,S,2
2024,nwe,PettDe00,Dell Pettus,S,1
2024,nwe,PharJe00,Jeremiah Pharms,DT,3
2024,nwe,PolkJa00,Ja'Lynn Polk,WR,1
2024,nwe,RiceMo00,Monty Rice,OLB,1
2024,nwe,RobiLa02,Layden Robinson,G,4
2024,nwe,RobiTy01,Tyrese Robinson,G,0
2024,nwe,RoyxJa00,Jaquelin Roy,DT,1
2024,nwe,SchoBr00,Brenden Schooler,S,6
2024,nwe,SlyeJo00,Joey Slye,K,2
2024,nwe,SmitLe01,Lecitus Smith,C,1
2024,nwe,SowxSi00,Sidy Sow,G,1
2024,nwe,StevRh00,Rhamondre Stevenson,RB,5
2024,nwe,StraCo01,Cole Strange,G,1
2024,nwe,TakiSi00,Sione Takitaki,LB,2
2024,nwe,TavaJa00,Jahlani Tavai,RILB,7
2024,nwe,ThomZa04,Zachary Thomas,OT,0
2024,nwe,ThorTy00,Tyquan Thornton,WR,0
2024,nwe,UcheJo00,Joshua Uche,LB,1
2024,nwe,WallCa00,Caedan Wallace,T,1
2024,nwe,WestJa01,Jack Westover,TE,0
2024,nwe,WhitKe03,Keion White,LDE,6
2024,nwe,WilcMi01,Mitchell Wilcox,TE,0
2024,nwe,WilsMa04,Marco Wilson,CB,0
2024,nwe,WiseDe00,Deatrich Wise Jr.,DE,3
2024,nwe,XimiOs00,Oshane Ximines,OLB,0
2024,mia,AchaDe00,De'Von Achane,RB,11
2024,mia,AddiTu00,Tucker Addington,LS,0
2024,mia,ArmsTe00,Terron Armstead,LT,7
2024,mia,BailJa00,Jake Bailey,P,2
2024,mia,BeckOd00,Odell Beckham Jr.,WR,0
2024,mia,BellQu00,Quinton Bell,LB,3
2024,mia,BerrBr00,Braxton Berrios,WR,0
2024,mia,BonnEt00,Ethan Bonner,CB,0
2024,mia,BowsTy00,Tyus Bowser,LOLB,2
2024,mia,BoylTi00,Tim Boyle,QB,1
2024,mia,BrewAa01,Aaron Brewer,C,7
2024,mia,BrooJo01,Jordyn Brooks,RILB,9
2024,mia,CampCa99,Calais Campbell,NT,9
2024,mia,CampEl00,Elijah Campbell,DB,2
2024,mia,CarmJa00,Jackson Carman,T,1
2024,mia,AndeRo04,Robbie Chosen,WR,0
2024,mia,ConnTa00,Tanner Conner,TE,0
2024,mia,CottLe00,Lester Cotton,OL,1
2024,mia,CracRi00,River Cracraft,WR,1
2024,mia,DickMa00,Matt Dickerson,DE,0
2024,mia,DodsTy01,Tyrel Dodson,LB,3
2024,mia,DuboGr00,Grant Dubose,WR,0
2024,mia,DuckSt00,Storm Duck,CB,2
2024,mia,EichLi00,Liam Eichenberg,RG,6
2024,mia,EskrDW00,D'Wayne Eskridge,WR,0
2024,mia,EzukEr00,Erik Ezukanma,WR,0
2024,mia,FarrNe00,Neil Farrell,DT,1
2024,mia,FergBl00,Blake Ferguson,LS,0
2024,mia,FullKe00,Kendall Fuller,RCB,5
2024,mia,GoodCa00,Cameron Goode,LB,0
2024,mia,HandDa00,Da'Shawn Hand,DT,3
2024,mia,HayeRy00,Ryan Hayes,T,0
2024,mia,HillJu02,Julian Hill,TE,1
2024,mia,HillTy00,Tyreek Hill,WR,9
2024,mia,HollJe02,Jevon Holland,SS,6
2024,mia,HuntTy01,Tyler Huntley,QB,3
2024,mia,IngoAl01,Alec Ingold,FB,1
2024,mia,JackAu00,Austin Jackson,RT,3
2024,mia,JoneBe03,Benito Jones,RDE,7
2024,mia,JoneRo02,Robert Jones,LG,7
2024,mia,KamaMo00,Mohamed Kamara,LB,0
2024,mia,KohoKa00,Kader Kohou,CB,5
2024,mia,LammKe00,Kendall Lamm,T,4
2024,mia,LongDa04,David Long,LILB,3
2024,mia,MayeMa00,Marcus Maye,S,2
2024,mia,McMoPa00,Patrick McMorris,S,0
2024,mia,McQuJa00,Jake McQuaide,LS,0
2024,mia,MostRa00,Raheem Mostert,RB,3
2024,mia,NealSi00,Siran Neal,CB,1
2024,mia,NeedNi00,Nik Needham,CB,0
2024,mia,OgbaEm00,Emmanuel Ogbah,LB,9
2024,mia,OverMa00,Matt Overton,LS,0
2024,mia,PaulPa01,Patrick Paul,OT,2
2024,mia,PhilJa02,Jaelan Phillips,LB,2
2024,mia,PiliBr00,Brandon Pili,DT,1
2024,mia,PoyeJo00,Jordan Poyer,FS,7
2024,mia,RamsJa00,Jalen Ramsey,LCB,8
2024,mia,RileDu00,Duke Riley,LB,2
2024,mia,RobiCh00,Chop Robinson,LB,2
2024,mia,SandJa00,Jason Sanders,K,5
2024,mia,SielZa00,Zach Sieler,LDE,9
2024,mia,SmitCa02,Cam Smith,CB,0
2024,mia,SmitJo01,Jonnu Smith,TE,8
2024,mia,SmytDu00,Durham Smythe,TE,0
2024,mia,StolJa00,Jack Stoll,TE,0
2024,mia,TagoTu00,Tua Tagovailoa,QB,9
2024,mia,ThomSk00,Skylar Thompson,QB,1
2024,mia,TindCh00,Channing Tindall,LB,1
2024,mia,TrinZa00,Zach Triner,LS,0
2024,mia,WaddJa00,Jaylen Waddle,WR,7
2024,mia,WalkAn01,Anthony Walker,LILB,5
2024,mia,WashMa00,Malik Washington,WR,2
2024,mia,WilsJe01,Jeff Wilson,RB,1
2024,mia,WrigJa04,Jaylen Wright,RB,2
2024,mia,WynnIs00,Isaiah Wynn,OL,1
2024,nyj,AdamDa01,Davante Adams,WR,8
2024,nyj,AdamTo03,Tony Adams,FS,4
2024,nyj,AlleBr05,Braelon Allen,RB,3
2024,nyj,BailZa01,Zack Bailey,OL,0
2024,nyj,BateBr00,Brenden Bates,TE,0
2024,nyj,BernJa01,Jarrick Bernard-Converse,CB,0
2024,nyj,CarlAn00,Anders Carlson,K,1
2024,nyj,CartMi02,Michael Carter II,CB,1
2024,nyj,CharIr00,Irvin Charles,WR,0
2024,nyj,ClarCh00,Chuck Clark,SS,4
2024,nyj,ClemMi03,Micheal Clemons,LOLB,7
2024,nyj,ConkTy00,Tyler Conklin,TE,4
2024,nyj,CorlMa00,Malachi Corley,WR,0
2024,nyj,DaviAs00,Ashtyn Davis,S,2
2024,nyj,DaviIs00,Isaiah Davis,RB,2
2024,nyj,EchoBr00,Brandin Echols,CB,3
2024,nyj,EguaSa00,Samuel Eguavoen,LB,2
2024,nyj,FashOl00,Olumuyiwa Fashanu,OL,4
2024,nyj,FirkAn00,Anthony Firkser,TE,0
2024,nyj,FotuLe00,Leki Fotu,DT,0
2024,nyj,GardSa00,Sauce Gardner,LCB,5
2024,nyj,GipsXa00,Xavier Gipson,WR,0
2024,nyj,HallBr03,Breece Hall,RB,9
2024,nyj,HansJa00,Jake Hanson,OL,2
2024,nyj,HectBr00,Bruce Hector,DL,0
2024,nyj,HennTh00,Thomas Hennessy,LS,1
2024,nyj,HolmJa01,Jalyn Holmes,DL,0
2024,nyj,JohnJe07,Jermaine Johnson II,LB,1
2024,nyj,JoseGr00,Greg Joseph,K,0
2024,nyj,KinlJa00,Javon Kinlaw,RDT,8
2024,nyj,KuntZa00,Zack Kuntz,TE,0
2024,nyj,LazaAl00,Allen Lazard,WR,5
2024,nyj,LindAl00,Alec Lindstrom,C,0
2024,nyj,McCrMa01,Marcelino McCrary-Ball,LB,1
2024,nyj,McDoWi00,Will McDonald,LDE,7
2024,nyj,McGoCo00,Connor McGovern,C,0
2024,nyj,McGrBr00,Braiden McGregor,DE,0
2024,nyj,McKiTa00,Takkarist McKinley,DL,1
2024,nyj,MillJa02,Jalen Mills,S,3
2024,nyj,MitcMa02,Max Mitchell,OL,1
2024,nyj,MonrJa00,Jarius Monroe,S,0
2024,nyj,MorsTh00,Thomas Morstead,P,3
2024,nyj,MoseMo00,Morgan Moses,RT,6
2024,nyj,MoslC.00,C.J. Mosley,LB,1
2024,nyj,NewmXa00,Xavier Newman-Johnson,OL,1
2024,nyj,NwanKe00,Kene Nwangwu,RB,1
2024,nyj,OlivIs00,Isaiah Oliver,CB,3
2024,nyj,PattRi01,Riley Patterson,K,0
2024,nyj,ReddHa00,Haason Reddick,LB,1
2024,nyj,ReedD.00,D.J. Reed,RCB,5
2024,nyj,RodgAa00,Aaron Rodgers,QB,12
2024,nyj,RuckJe00,Jeremy Ruckert,TE,1
2024,nyj,SchwWe00,Wes Schweitzer,OL,0
2024,nyj,ShefKe00,Kendall Sheffield,CB,0
2024,nyj,SherJa00,Jamien Sherwood,RILB,7
2024,nyj,ShraSp00,Spencer Shrader,K,0
2024,nyj,SimpJo00,John Simpson,LG,7
2024,nyj,SmitBr07,Brandon Smith,WR,0
2024,nyj,SmitTy00,Tyron Smith,LT,4
2024,nyj,StigQw00,Qwan'tez Stiggers,CB,1
2024,nyj,SurrCh00,Chazz Surratt,ROLB,3
2024,nyj,SwilTr00,Tre Swilling,DB,0
2024,nyj,TaylLe01,Leonard Taylor,DL,1
2024,nyj,TaylTy00,Tyrod Taylor,QB,0
2024,nyj,ThomSo00,Solomon Thomas,DL,2
2024,nyj,TippJo00,Joe Tippmann,C,7
2024,nyj,VeraAl00,Alijah Vera-Tucker,RG,7
2024,nyj,WarrCa00,Carter Warren,T,1
2024,nyj,WattEr00,Eric Watts,DL,1
2024,nyj,WillMi07,Mike Williams,WR,1
2024,nyj,WillQu01,Quincy Williams,LILB,8
2024,nyj,WillQu00,Quinnen Williams,NT,10
2024,nyj,WilsGa00,Garrett Wilson,WR,10
2024,nyj,YeboKe00,Kenny Yeboah,TE,0
2024,nyj,ZuerGr00,Greg Zuerlein,K,0
2024,buf,AlleJo02,Josh Allen,QB,20
2024,buf,AndeAl01,Alec Anderson,T,4
2024,buf,AndrJo02,Joe Andreessen,LB,1
2024,buf,AnkoEl00,Eli Ankou,DT,0
2024,buf,BassTy00,Tyler Bass,K,2
2024,buf,BenfCh00,Christian Benford,RCB,6
2024,buf,BernTe00,Terrel Bernard,MLB,7
2024,buf,BishCo00,Cole Bishop,S,2
2024,buf,BrowSp00,Spencer Brown,RT,9
2024,buf,CartDe03,DeWayne Carter,DT,2
2024,buf,CineLe00,Lewis Cine,S,0
2024,buf,ClapWi00,Will Clapp,OL,1
2024,buf,ClinKa00,Kameron Cline,DE,0
2024,buf,CodrBr00,Brandon Codrington,DB,1
2024,buf,ColeKe02,Keon Coleman,WR,7
2024,buf,CookJa01,James Cook,RB,11
2024,buf,CoopAm00,Amari Cooper,WR,3
2024,buf,DaviZa00,Zach Davidson,TE,0
2024,buf,DaviRa04,Ray Davis,RB,6
2024,buf,DawkDi00,Dion Dawkins,LT,13
2024,buf,DeenBr00,Branson Deen,DT,0
2024,buf,DougRa00,Rasul Douglas,LCB,5
2024,buf,EdwaDa01,David Edwards,LG,8
2024,buf,EdwaMi01,Mike Edwards,S,0
2024,buf,ElamKa00,Kaiir Elam,CB,2
2024,buf,EpenAJ00,A.J. Epenesa,LDE,7
2024,buf,FergRe00,Reid Ferguson,LS,1
2024,buf,GillRe00,Reggie Gilliam,FB,0
2024,buf,GourRi00,Richard Gouraige,OT,0
2024,buf,GrabTy00,Tylan Grable,OT,1
2024,buf,HamlDa00,Damar Hamlin,SS,5
2024,buf,HollMa00,Mack Hollins,WR,4
2024,buf,IngrJa00,Ja'Marcus Ingram,CB,2
2024,buf,JackKa99,Kareem Jackson,S,0
2024,buf,JeffQu00,Quinton Jefferson,DT,1
2024,buf,JohnAu01,Austin Johnson,DT,2
2024,buf,JohnTa01,Taron Johnson,CB,5
2024,buf,JohnTy02,Ty Johnson,RB,5
2024,buf,JonaKi00,Kingsley Jonathan,DE,0
2024,buf,JoneDa04,DaQuan Jones,RDT,8
2024,buf,KincDa00,Dalton Kincaid,TE,5
2024,buf,KnoxDa00,Dawson Knox,TE,4
2024,buf,LewiCa00,Cameron Lewis,DB,3
2024,buf,LoguZi00,Zion Logue,DT,0
2024,buf,MartSa01,Sam Martin,P,2
2024,buf,McGoCo01,Connor McGovern,C,11
2024,buf,MilaMa00,Matt Milano,LB,2
2024,buf,MillVo00,Von Miller,LB,1
2024,buf,MorrQu00,Quintin Morris,TE,0
2024,buf,MorrNi00,Nicholas Morrow,LB,1
2024,buf,OlivEd00,Ed Oliver,LDT,7
2024,buf,PhilJo01,Jordan Phillips,DT,1
2024,buf,RappTa00,Taylor Rapp,FS,5
2024,buf,RousGr00,Gregory Rousseau,RDE,8
2024,buf,SamuCu00,Curtis Samuel,WR,3
2024,buf,ShakKh00,Khalil Shakir,WR,10
2024,buf,ShavTy00,Tyrell Shavers,WR,1
2024,buf,SmooDa00,Dawuane Smoot,DE,2
2024,buf,SoloJa00,Javon Solomon,DE,2
2024,buf,SpecBa00,Baylon Spector,LB,3
2024,buf,ToohCa00,Casey Toohill,DE,2
2024,buf,TorrOC00,O'Cyrus Torrence,RG,8
2024,buf,TrubMi00,Mitchell Trubisky,QB,1
2024,buf,UlofEd00,Edefuan Ulofoshio,LB,1
2024,buf,ValdMa00,Marquez Valdes-Scantling,WR,0
2024,buf,VanDRy00,Ryan Van Demark,T,2
2024,buf,VanPSe00,Sedrick Van Pran-Granger,OL,2
2024,buf,VirgJa00,Jalen Virgil,WR,0
2024,buf,WhitMi01,Mike White,QB,0
2024,buf,WillDo04,Dorian Williams,RLB,6
2024,min,AddiJo00,Jordan Addison,WR,8
2024,min,AkerCa00,Cam Akers,RB,2
2024,min,AsamBr00,Brian Asamoah,LB,1
2024,min,BradGa00,Garrett Bradbury,C,7
2024,min,BranBl00,Blake Brandel,LG,7
2024,min,BullJo00,Jonathan Bullard,RDE,8
2024,min,BynuCa00,Camryn Bynum,FS,7
2024,min,CashBl00,Blake Cashman,RILB,7
2024,min,ChanTy01,Ty Chandler,RB,2
2024,min,DarnSa00,Sam Darnold,QB,14
2024,min,DarrCh00,Christian Darrisaw,T,4
2024,min,DaviJa11,Jamin Davis,LB,0
2024,min,DePaAn00,Andrew DePaola,LS,2
2024,min,EvanAk00,Akayleb Evans,CB,0
2024,min,FeenDa00,Dan Feeney,C,1
2024,min,GaskMy00,Myles Gaskin,RB,0
2024,min,GilmSt00,Stephon Gilmore,LCB,6
2024,min,GreeJo04,Jonathan Greenard,ROLB,12
2024,min,GrifSh00,Shaquill Griffin,CB,2
2024,min,GrugKa00,Kamu Grugier-Hill,LB,2
2024,min,HamxC.00,C.J. Ham,FB,0
2024,min,HockTJ00,T.J. Hockenson,TE,4
2024,min,IngrEd00,Ed Ingram,RG,4
2024,min,JackTh00,Theo Jackson,S,1
2024,min,JackTr02,Trishton Jackson,WR,0
2024,min,JeffJu00,Justin Jefferson,WR,14
2024,min,JoneAa00,Aaron Jones,RB,11
2024,min,JonePa00,Patrick Jones II,OLB,2
2024,min,JurgMi02,Michael Jurgens,G,0
2024,min,McCaBo01,Bobby McCain,S,0
2024,min,McGlDw00,Dwight McGlothern,CB,0
2024,min,McQuJa00,Jake McQuaide,LS,0
2024,min,MeteJo00,Josh Metellus,S,4
2024,min,MoreFa00,Fabian Moreau,CB,0
2024,min,MullNi00,Nick Mullens,QB,0
2024,min,MundJo00,Johnny Mundt,TE,1
2024,min,MurpBy00,Byron Murphy,RCB,11
2024,min,MurpGa00,Gabriel Murphy,OLB,0
2024,min,MuseNi00,Nick Muse,TE,0
2024,min,NailJa00,Jalen Nailor,WR,4
2024,min,ONeiBr00,Brian O'Neill,RT,12
2024,min,OlivJo00,Josh Oliver,TE,2
2024,min,PaceIv00,Ivan Pace,LILB,6
2024,min,PhilHa00,Harrison Phillips,NT,8
2024,min,PoweBr00,Brandon Powell,WR,1
2024,min,QuesDa00,David Quessenberry,T,1
2024,min,RedmJa01,Jalen Redmond,DL,2
2024,min,ReicWi00,Will Reichard,K,2
2024,min,RichBo01,Bo Richter,OLB,1
2024,min,RisnDa00,Dalton Risner,G,4
2024,min,RobiCa00,Cam Robinson,LT,5
2024,min,RodrLe00,Levi Drake Rodriguez,DL,0
2024,min,RomoJo00,John Parker Romo,K,1
2024,min,RousWa00,Walter Rouse,T,0
2024,min,SherTr00,Trent Sherfield,WR,1
2024,min,SmitHa00,Harrison Smith,SS,7
2024,min,TaimTa00,Taki Taimani,DL,1
2024,min,TillJe00,Jerry Tillery,LDE,6
2024,min,TonyRo00,Robert Tonyan,TE,0
2024,min,TurnDa01,Dallas Turner,OLB,2
2024,min,VanGAn00,Andrew Van Ginkel,RLB,16
2024,min,WardJa00,Jay Ward,S,1
2024,min,WardJi02,Jihad Ward,OLB,2
2024,min,WillJo16,Jonah Williams,DL,0
2024,min,WrigNa00,Nahshon Wright,CB,0
2024,min,WrigRy00,Ryan Wright,P,2
2024,gnb,AlexJa00,Jaire Alexander,CB,3
2024,gnb,AndeZa02,Zayne Anderson,S,2
2024,gnb,BallCo00,Corey Ballentine,CB,1
2024,gnb,BeckAn01,Andrew Beck,FB,0
2024,gnb,BrooCh00,Chris Brooks,RB,2
2024,gnb,BrooKa00,Karl Brooks,DL,3
2024,gnb,BrowOm01,Omar Brown,S,0
2024,gnb,BullJa00,Javon Bullard,SS,4
2024,gnb,ClarKe01,Kenny Clark,RDT,9
2024,gnb,CoopEd00,Edgerrin Cooper,LB,4
2024,gnb,CoxxBr02,Brenton Cox,DL,1
2024,gnb,DillAn00,Andre Dillard,T,1
2024,gnb,DoubRo00,Romeo Doubs,WR,6
2024,gnb,EnagKi00,Kingsley Enagbare,DL,4
2024,gnb,FitzJo00,John FitzPatrick,TE,0
2024,gnb,GaryRa00,Rashan Gary,RDE,12
2024,gnb,GlovTr00,Travis Glover,T,1
2024,gnb,HaddKa00,Kamal Hadden,CB,0
2024,gnb,HeatMa00,Malik Heath,WR,1
2024,gnb,HoppTy00,Ty'Ron Hopper,LB,1
2024,gnb,JacoJo01,Josh Jacobs,RB,12
2024,gnb,JenkEl00,Elgton Jenkins,LG,9
2024,gnb,KrafTu00,Tucker Kraft,TE,7
2024,gnb,LloyMa00,MarShawn Lloyd,RB,0
2024,gnb,LoveJo03,Jordan Love,QB,12
2024,gnb,McDuIs00,Isaiah McDuffie,RLB,8
2024,gnb,McKiXa00,Xavier McKinney,FS,15
2024,gnb,McMaBr01,Brandon McManus,K,3
2024,gnb,MeltBo00,Bo Melton,WR,1
2024,gnb,MonkJa00,Jacob Monk,OL,1
2024,gnb,MorgJo03,Jordan Morgan,OT,1
2024,gnb,MosbAr00,Arron Mosby,DL,1
2024,gnb,MusgLu00,Luke Musgrave,TE,0
2024,gnb,MyerJo00,Josh Myers,C,8
2024,gnb,NarvBr00,Brayden Narveson,K,0
2024,gnb,NixoKe00,Keisean Nixon,LCB,6
2024,gnb,OladKi00,Kitan Oladapo,S,1
2024,gnb,OrzeMa00,Matthew Orzech,LS,1
2024,gnb,ReedJa03,Jayden Reed,WR,9
2024,gnb,RhyaSe00,Sean Rhyan,RG,9
2024,gnb,RochRo00,Robert Rochell,CB,1
2024,gnb,SimsBe00,Ben Sims,TE,0
2024,gnb,SlatTe00,Tedarrell Slaton,LDT,8
2024,gnb,SmitPr00,Preston Smith,LDE,4
2024,gnb,StokEr00,Eric Stokes,RCB,3
2024,gnb,TelfKa00,Kadeem Telfort,T,1
2024,gnb,TomxZa00,Zach Tom,RT,9
2024,gnb,ValeCa00,Carrington Valentine,CB,3
2024,gnb,VanNLu00,Lukas Van Ness,DL,2
2024,gnb,WalkQu00,Quay Walker,LLB,6
2024,gnb,WalkRa00,Rasheed Walker,LT,10
2024,gnb,WatsCh00,Christian Watson,WR,6
2024,gnb,WhelDa00,Daniel Whelan,P,2
2024,gnb,WickDo00,Dontayvion Wicks,WR,4
2024,gnb,WillEv00,Evan Williams,S,3
2024,gnb,WillMa12,Malik Willis,QB,3
2024,gnb,WilsEm00,Emanuel Wilson,RB,4
2024,gnb,WilsEr00,Eric Wilson,MLB,6
2024,gnb,WoodCo01,Colby Wooden,DL,1
2024,gnb,WyatDe00,Devonte Wyatt,DL,2
2024,chi,AlleKe00,Keenan Allen,WR,6
2024,chi,AmegKi00,Kiran Amegadjie,OL,1
2024,chi,BageTy00,Tyson Bagent,QB,0
2024,chi,BateRy02,Ryan Bates,OL,1
2024,chi,BillAn00,Andrew Billings,LDT,4
2024,chi,BlacJo00,Josh Blackwell,DB,2
2024,chi,BlasKh00,Khari Blasingame,FB,0
2024,chi,BookAu00,Austin Booker,DL,1
2024,chi,BoroLa00,Larry Borom,OL,2
2024,chi,BrisJa01,Jaquan Brisker,DB,2
2024,chi,ByarKe01,Kevin Byard,SS,7
2024,chi,CartDe02,DeAndre Carter,WR,1
2024,chi,ColbAd00,Adrian Colbert,DB,0
2024,chi,CowaBy00,Byron Cowart,DT,4
2024,chi,CurhJa00,Jake Curhan,OL,1
2024,chi,DalySc01,Scott Daly,LS,1
2024,chi,DaviNa01,Nate Davis,OL,1
2024,chi,DextGe00,Gervon Dexter,RDT,8
2024,chi,EdmuTr01,Tremaine Edmunds,MLB,9
2024,chi,EdwaTJ02,T.J. Edwards,LLB,9
2024,chi,EvanDa02,Darrynton Evans,RB,0
2024,chi,EverGe00,Gerald Everett,TE,0
2024,chi,FordJo00,Jonathan Ford,DL,0
2024,chi,GlasCh01,Chris Glaser,OL,0
2024,chi,GordKy00,Kyler Gordon,DB,5
2024,chi,HardDa01,Daniel Hardy,DL,1
2024,chi,HerbKh00,Khalil Herbert,RB,0
2024,chi,HickEl00,Elijah Hicks,FS,3
2024,chi,HomeTr00,Travis Homer,RB,0
2024,chi,JenkTe00,Teven Jenkins,LG,5
2024,chi,JohnCo01,Collin Johnson,WR,0
2024,chi,JohnJa13,Jaylon Johnson,RCB,8
2024,chi,JohnRo07,Roschon Johnson,RB,2
2024,chi,JoneBr08,Braxton Jones,LT,4
2024,chi,JoneCa05,Carl Jones,LB,0
2024,chi,JoneJa12,Jaylon Jones,DB,1
2024,chi,JoneVe00,Velus Jones Jr.,WR,0
2024,chi,KmetCo00,Cole Kmet,TE,4
2024,chi,KramDo00,Doug Kramer,OL,1
2024,chi,LewiMa00,Marcedes Lewis,TE,0
2024,chi,MartJa02,Jacob Martin,DL,1
2024,chi,MoorD.00,D.J. Moore,WR,9
2024,chi,MoorTa00,Tarvarius Moore,S,1
2024,chi,MurrBi00,Bill Murray,OL,0
2024,chi,OdunRo00,Rome Odunze,WR,6
2024,chi,OgboAm00,Amen Ogbongbemiga,LB,1
2024,chi,OwenJo01,Jonathan Owens,S,3
2024,chi,PickZa00,Zacch Pickens,DL,2
2024,chi,PryoMa00,Matt Pryor,RG,6
2024,chi,RobiDo00,Dominique Robinson,DL,1
2024,chi,SanbJa00,Jack Sanborn,LB,3
2024,chi,SantCa01,Cairo Santos,K,4
2024,chi,ScotTy00,Tyler Scott,WR,0
2024,chi,SeweNo00,Noah Sewell,LB,1
2024,chi,ShelCo00,Coleman Shelton,C,6
2024,chi,SmitTe05,Terell Smith,DB,2
2024,chi,SpeeAm00,Ameer Speed,CB,0
2024,chi,StevTy01,Tyrique Stevenson,LCB,6
2024,chi,StewRe00,Reddy Steward,CB,0
2024,chi,SweaMo00,Montez Sweat,LDE,8
2024,chi,SwifDA00,D'Andre Swift,RB,8
2024,chi,TaylDa00,Darrell Taylor,DL,2
2024,chi,TaylTo01,Tory Taylor,P,4
2024,chi,WalkDe03,DeMarcus Walker,RDE,8
2024,chi,WillCa03,Caleb Williams,QB,12
2024,chi,WillCh08,Chris Williams,DT,2
2024,chi,WrigDa00,Darnell Wright,RT,6
2024,det,AdamJa00,Jamal Adams,DB,1
2024,det,AdamMy00,Myles Adams,DL,0
2024,det,AgudMi01,Mitchell Agude,LB,0
2024,det,AlexKw00,Kwon Alexander,LB,1
2024,det,AlexMa02,Maurice Alexander,WR,0
2024,det,AnzaAl00,Alex Anzalone,LLB,5
2024,det,ArnoTe00,Terrion Arnold,RCB,5
2024,det,AwosKa00,Kayode Awosika,G,2
2024,det,BarnDe02,Derrick Barnes,LB,1
2024,det,BateJa00,Jake Bates,K,4
2024,det,BeauAb00,Abraham Beauplan,LB,0
2024,det,BranBr00,Brian Branch,SS,8
2024,det,BridTe00,Teddy Bridgewater,QB,0
2024,det,CampJa04,Jack Campbell,MLB,8
2024,det,DaveMa00,Marcus Davenport,DL,1
2024,det,DaviCa02,Carlton Davis,LCB,5
2024,det,DeckTa00,Taylor Decker,LT,10
2024,det,DorsKh00,Khalil Dorsey,CB,1
2024,det,FoxxJa01,Jack Fox,P,3
2024,det,GibbJa01,Jahmyr Gibbs,RB,17
2024,det,GlasGr00,Graham Glasgow,LG,8
2024,det,GoffJa00,Jared Goff,QB,18
2024,det,HattHo00,Hogan Hatten,LS,1
2024,det,HessPa00,Parker Hesse,TE,0
2024,det,HookHe00,Hendon Hooker,QB,0
2024,det,HousJa01,James Houston,LB,1
2024,det,HutcAi00,Aidan Hutchinson,DL,3
2024,det,JeffJe00,Jermar Jefferson,RB,0
2024,det,JoneJa08,Jamarco Jones,T,0
2024,det,JoseBr00,Brandon Joseph,S,1
2024,det,JoseKe03,Kerby Joseph,FS,14
2024,det,KennTo01,Tom Kennedy,WR,0
2024,det,LaPoSa01,Sam LaPorta,TE,8
2024,det,LongDa04,David Long,LB,1
2024,det,MahoCh00,Christian Mahogany,OL,1
2024,det,MartBr00,Brodric Martin,DL,1
2024,det,McNeAl00,Alim McNeill,RDT,7
2024,det,MeliIf00,Ifeatu Melifonwu,S,1
2024,det,MitcJa00,James Mitchell,TE,0
2024,det,MontDa01,David Montgomery,RB,10
2024,det,MoseEm00,Emmanuel Moseley,CB,0
2024,det,MuhaAl00,Al-Quadin Muhammad,DL,2
2024,det,NiemBe00,Ben Niemann,LB,3
2024,det,NiesMi00,Michael Niese,OL,1
2024,det,NorrMo01,Morice Norris,S,0
2024,det,NowaTr00,Trevor Nowaske,LB,2
2024,det,OConPa00,Pat O'Connor,DL,1
2024,det,OnwuLe00,Levi Onwuzurike,DL,5
2024,det,PascJo00,Josh Paschal,LDE,5
2024,det,PatrTi00,Tim Patrick,WR,4
2024,det,PekoKy00,Kyle Peko,DL,1
2024,det,PittAn01,Anthony Pittman,LB,0
2024,det,RagnFr00,Frank Ragnow,C,12
2024,det,RakeEn00,Ennis Rakestraw,CB,0
2024,det,RaymKa00,Kalif Raymond,WR,3
2024,det,ReadD.00,D.J. Reader,LDT,7
2024,det,ReevJa00,Jalen Reeves-Maybin,LB,1
2024,det,ReynCr00,Craig Reynolds,RB,1
2024,det,RobeAm00,Amik Robertson,CB,2
2024,det,RobiAl02,Allen Robinson,WR,0
2024,det,RodrMa00,Malcolm Rodriguez,RLB,3
2024,det,SewePe00,Penei Sewell,RT,18
2024,det,SkipDa00,Dan Skipper,T,4
2024,det,SmitCh06,Chris Smith,DL,0
2024,det,SmitZa00,Za'Darius Smith,RDE,4
2024,det,SorsCo00,Colby Sorsdal,OL,0
2024,det,StxxAm00,Amon-Ra St. Brown,WR,14
2024,det,StriLo00,Loren Strickland,S,0
2024,det,ThomIs01,Isaiah Thomas,DL,0
2024,det,ThomSt00,Stantley Thomas-Oliver,CB,0
2024,det,TurnZe00,Zeke Turner,LB,1
2024,det,UkwuIs00,Isaac Ukwu,DL,1
2024,det,VakiSi00,Sione Vaki,RB,1
2024,det,VildKi00,Kindle Vildor,CB,2
2024,det,WillIs03,Isaiah Williams,WR,0
2024,det,WillJa11,Jameson Williams,WR,11
2024,det,WillJo16,Jonah Williams,DL,1
2024,det,WingMe00,Mekhi Wingo,DL,1
2024,det,WrigBr01,Brock Wright,TE,1
2024,det,ZeitKe00,Kevin Zeitler,RG,8
2024,det,ZylsSh00,Shane Zylstra,TE,0
2024,tam,BarrSh00,Shaquil Barrett,OLB,0
2024,tam,BartGr00,Graham Barton,C,8
2024,tam,BrasCh01,Chris Braswell,OLB,1
2024,tam,BredBe00,Ben Bredeson,LG,8
2024,tam,BrewCJ00,C.J. Brewer,DL,1
2024,tam,BritKJ00,K.J. Britt,RILB,5
2024,tam,BrowEa00,Earnest Brown IV,DE,0
2024,tam,BrowJa10,Jack Browning,P,0
2024,tam,CallMa01,Marquez Callaway,WR,0
2024,tam,CamaJa00,Jake Camarda,P,1
2024,tam,CulpDe00,Devin Culp,TE,1
2024,tam,DaviLa00,Lavonte David,LILB,8
2024,tam,DeanJa00,Jamel Dean,LCB,4
2024,tam,DeckEv00,Evan Deckers,LS,1
2024,tam,DennSi00,SirVocea Dennis,LB,0
2024,tam,DiabYa00,YaYa Diaby,OLB,8
2024,tam,DurhPa00,Payne Durham,TE,1
2024,tam,EdwaMi01,Mike Edwards,S,1
2024,tam,EvanMi00,Mike Evans,WR,10
2024,tam,FlowDa00,Dallis Flowers,CB,0
2024,tam,FundTy00,Tyrek Funderburk,CB,1
2024,tam,GainGr00,Greg Gaines,DL,2
2024,tam,GholWi00,William Gholston,DL,2
2024,tam,GillTr01,Trenton Gill,P,1
2024,tam,GodwCh00,Chris Godwin,WR,6
2024,tam,GoedLu00,Luke Goedeke,RT,7
2024,tam,GreeMi01,Mike Greene,DL,0
2024,tam,GrieAn00,Antonio Grier,LB,1
2024,tam,HainRo00,Robert Hainsey,C,2
2024,tam,HallBr02,Bryce Hall,CB,0
2024,tam,HallLo00,Logan Hall,RDE,5
2024,tam,HayeJo01,Josh Hayes,DB,2
2024,tam,HillTr01,Troy Hill,CB,0
2024,tam,IrviBu00,Bucky Irving,RB,12
2024,tam,IsaaKe00,Keenan Isaac,CB,0
2024,tam,IzieCh00,Christian Izien,SS,4
2024,tam,JarrRa00,Rakim Jarrett,WR,1
2024,tam,JohnKa01,Kameron Johnson,WR,0
2024,tam,JoneDe01,Deion Jones,MLB,0
2024,tam,JoneVi00,Vi Jones,LB,1
2024,tam,KancCa00,Calijah Kancey,LDE,6
2024,tam,KiefKo00,Ko Kieft,TE,0
2024,tam,KleiEl00,Elijah Klein,G,1
2024,tam,MaucCo00,Cody Mauch,RG,8
2024,tam,MayfBa00,Baker Mayfield,QB,17
2024,tam,McCoZy02,Zyon McCollum,RCB,7
2024,tam,McLaCh00,Chase McLaughlin,K,5
2024,tam,McMiJa01,Jalen McMillan,WR,5
2024,tam,MerrKa00,Kaevon Merriweather,S,3
2024,tam,MillRy01,Ryan Miller,WR,1
2024,tam,NealRy00,Ryan Neal,S,0
2024,tam,NelsAn01,Anthony Nelson,OLB,4
2024,tam,NewmRo00,Royce Newman,G,0
2024,tam,OttoCa00,Cade Otton,TE,6
2024,tam,PalmTr00,Trey Palmer,WR,2
2024,tam,RamiJo00,Jose Ramirez,OLB,0
2024,tam,RussJJ00,J.J. Russell,LB,3
2024,tam,ShepSt00,Sterling Shepard,WR,4
2024,tam,SkulJu00,Justin Skule,T,4
2024,tam,SmitTy05,Tykee Smith,S,3
2024,tam,StilBe00,Ben Stille,DL,1
2024,tam,ThomTa01,Tavierre Thomas,CB,1
2024,tam,ThomCo04,Cody Thompson,WR,0
2024,tam,TrasKy00,Kyle Trask,QB,0
2024,tam,TrinZa00,Zach Triner,LS,0
2024,tam,TryoJo00,Joe Tryon-Shoyinka,LOLB,5
2024,tam,TuckSe00,Sean Tucker,RB,3
2024,tam,VeaxVi00,Vita Vea,NT,11
2024,tam,WattMa00,Markees Watts,OLB,0
2024,tam,WhitRa01,Rachaad White,RB,8
2024,tam,WhitJo03,Jordan Whitehead,FS,4
2024,tam,WillDJ00,D.J. Williams,RB,0
2024,tam,WinfAn00,Antoine Winfield Jr.,SS,4
2024,tam,WirfTr00,Tristan Wirfs,LT,17
2024,nor,AbraJo01,Johnathan Abram,S,0
2024,nor,AdebPa00,Paulson Adebo,CB,3
2024,nor,AmadUg00,Ugo Amadi,S,2
2024,nor,AustKe00,Kevin Austin,WR,1
2024,nor,BoydKh00,Khristian Boyd,DT,0
2024,nor,BradMi00,Millard Bradford,S,0
2024,nor,BresBr00,Bryan Bresee,DT,6
2024,nor,CarrDe02,Derek Carr,QB,7
2024,nor,DaviDe00,Demario Davis,MLB,8
2024,nor,EdwaCl00,Clyde Edwards-Helaire,RB,0
2024,nor,FordJa02,Jaylan Ford,LB,1
2024,nor,FoskIs00,Isaiah Foskey,DE,1
2024,nor,FuagTa00,Taliese Fuaga,LT,8
2024,nor,GayJWi00,Willie Gay Jr.,RLB,5
2024,nor,GranCa01,Carl Granderson,RDE,8
2024,nor,GrayJ.00,J.T. Gray,DB,5
2024,nor,GrupBl00,Blake Grupe,K,4
2024,nor,HaenJa00,Jake Haener,QB,1
2024,nor,HarrWi02,Will Harris,SS,4
2024,nor,HaybMa00,Matthew Hayball,P,3
2024,nor,HergKy00,Kyle Hergel,G,1
2024,nor,HernTr00,Tre Herndon,DB,0
2024,nor,HillTa00,Taysom Hill,TE,3
2024,nor,HolkDa00,Dallin Holker,TE,0
2024,nor,HowdJo00,Jordan Howden,DB,2
2024,nor,HudsKh00,Khaleke Hudson,LB,0
2024,nor,JackDM00,D'Marco Jackson,LB,1
2024,nor,JackJe01,Jermaine Jackson,WR,0
2024,nor,JeanSh00,Shemar Jean-Charles,DB,1
2024,nor,JohnJu02,Juwan Johnson,TE,5
2024,nor,JordCa00,Cameron Jordan,LDE,8
2024,nor,KamaAl00,Alvin Kamara,RB,9
2024,nor,KpasTa00,Tanoh Kpassagnon,DE,0
2024,nor,LattMa01,Marshon Lattimore,CB,2
2024,nor,LemiSh00,Shane Lemieux,G,2
2024,nor,MathTy00,Tyrann Mathieu,FS,6
2024,nor,McCoEr01,Erik McCoy,C,4
2024,nor,McGoCo00,Connor McGovern,C,2
2024,nor,McKiKo00,Kool-Aid McKinstry,RCB,3
2024,nor,MeanBu00,Bub Means,WR,1
2024,nor,MillKe01,Kendre Miller,RB,1
2024,nor,MimsJo00,Jordan Mims,RB,1
2024,nor,MoreFo00,Foster Moreau,TE,3
2024,nor,OlavCh00,Chris Olave,WR,3
2024,nor,OrjiAn00,Anfernee Orji,LB,2
2024,nor,PatrLu00,Lucas Patrick,LG,4
2024,nor,PaytRi00,Rico Payton,CB,1
2024,nor,PennTr00,Trevor Penning,RT,8
2024,nor,PettDa00,Dante Pettis,WR,1
2024,nor,PrenAd00,Adam Prentice,FB,0
2024,nor,RattSp00,Spencer Rattler,QB,2
2024,nor,ReedCh00,Chris Reed,G,0
2024,nor,RidgJo00,John Ridgeway,DT,1
2024,nor,RuizCe00,Cesar Ruiz,RG,5
2024,nor,SaldNi00,Nick Saldiveri,OL,3
2024,nor,SaunKh00,Khalen Saunders,LDT,5
2024,nor,SeweNe00,Nephi Sewell,LB,1
2024,nor,ShahRa00,Rashid Shaheed,WR,4
2024,nor,ShepNa00,Nathan Shepherd,RDT,6
2024,nor,St.BEq00,Equanimeous St. Brown,WR,0
2024,nor,StalIs00,Isaiah Stalbird,LB,0
2024,nor,TaylAl01,Alontae Taylor,LCB,5
2024,nor,TeamRo00,Roderic Teamer,S,0
2024,nor,TiptMa00,Mason Tipton,WR,1
2024,nor,TurnPa02,Payton Turner,DE,1
2024,nor,UdohOl01,Oli Udoh,OL,1
2024,nor,ValdMa00,Marquez Valdes-Scantling,WR,3
2024,nor,VickKe00,Kendal Vickers,DT,0
2024,nor,WernPe00,Pete Werner,LLB,6
2024,nor,WillJa06,Jamaal Williams,RB,1
2024,nor,WilsCe01,Cedrick Wilson Jr.,WR,2
2024,nor,WoodZa00,Zach Wood,LS,1
2024,nor,YounCh04,Chase Young,DE,2
2024,nor,YounLa00,Landon Young,T,3
2024,atl,AberMi00,Micah Abernathy,S,0
2024,atl,AlfoDe00,DeAundre Alford,CB,4
2024,atl,AllgTy00,Tyler Allgeier,RB,4
2024,atl,AndeTr00,Troy Andersen,LB,2
2024,atl,BateJe00,Jessie Bates III,SS,6
2024,atl,BergMa00,Matthew Bergeron,LG,7
2024,atl,BertJD00,JD Bertrand,LB,1
2024,atl,BlaiCh00,Chris Blair,WR,0
2024,atl,BrooNa01,Natrone Brooks,CB,0
2024,atl,CartLo01,Lorenzo Carter,LOLB,4
2024,atl,CousKi00,Kirk Cousins,QB,10
2024,atl,CruiDa00,Dane Cruikshank,S,0
2024,atl,DalmDr00,Drew Dalman,C,4
2024,atl,DorlBr00,Brandon Dorlus,DT,0
2024,atl,DwelRo00,Ross Dwelley,TE,0
2024,atl,EbikAr00,Arnold Ebiketie,OLB,2
2024,atl,ElliKa00,Kaden Elliss,RILB,7
2024,atl,EvanRa01,Rashaan Evans,LB,0
2024,atl,GoldEd00,Eddie Goldman,NT,4
2024,atl,GrahTa00,Ta'Quon Graham,DL,1
2024,atl,GranRi00,Richie Grant,S,1
2024,atl,GwynJo00,Jovaughn Gwyn,OL,0
2024,atl,HamiAn01,Antonio Hamilton,CB,1
2024,atl,HarrDe06,Demone Harris,DL,1
2024,atl,HarrZa00,Zach Harrison,DL,1
2024,atl,HennMa00,Matt Hennessy,OL,0
2024,atl,HintKy00,Kyle Hinton,OL,1
2024,atl,HodgKh00,KhaDarel Hodge,WR,1
2024,atl,HughMi00,Mike Hughes,RCB,4
2024,atl,JackLa02,Lamar Jackson,CB,0
2024,atl,JarrGr00,Grady Jarrett,LDE,7
2024,atl,JudoMa00,Matt Judon,ROLB,7
2024,atl,KareKh00,Khalid Kareem,OLB,0
2024,atl,KingKe01,Kevin King,CB,1
2024,atl,KooxYo00,Younghoe Koo,K,1
2024,atl,LandNa01,Nathan Landman,LB,4
2024,atl,LindCh00,Chris Lindstrom,RG,11
2024,atl,LondDr00,Drake London,WR,10
2024,atl,MaloDe00,DeAngelo Malone,OLB,1
2024,atl,MattJa00,Jake Matthews,LT,8
2024,atl,McClJa05,Jase McClellan,RB,0
2024,atl,McClRa00,Ray-Ray McCloud,WR,6
2024,atl,McCuLi00,Liam McCullough,LS,1
2024,atl,McGaKa00,Kaleb McGary,RT,8
2024,atl,MoonDa00,Darnell Mooney,WR,8
2024,atl,NeuzRy00,Ryan Neuzil,OL,4
2024,atl,NortSt00,Storm Norton,OL,1
2024,atl,OnyeDa00,David Onyemata,RDE,6
2024,atl,OrhoRu00,Ruke Orhorhoro,DT,1
2024,atl,PattRi01,Riley Patterson,K,0
2024,atl,PeniMi00,Michael Penix,QB,2
2024,atl,PhilCl00,Clark Phillips,CB,2
2024,atl,PiniBr00,Bradley Pinion,P,2
2024,atl,PittKy00,Kyle Pitts,TE,5
2024,atl,RobiBi01,Bijan Robinson,RB,12
2024,atl,SimmJu00,Justin Simmons,FS,5
2024,atl,SmitJa08,James Smith-Williams,DL,2
2024,atl,StreKe00,Kentavius Street,DL,1
2024,atl,TerrAJ00,AJ Terrell,LCB,5
2024,atl,WashCa00,Carlos Washington,RB,0
2024,atl,WashCa01,Casey Washington,WR,0
2024,atl,WilkEl00,Elijah Wilkinson,OL,0
2024,atl,WillAv02,Avery Williams,RB,0
2024,atl,WoerCh00,Charlie Woerner,TE,0
2024,atl,WoodJo02,Josh Woods,LB,0
2024,car,BarnAm00,Amare Barno,OLB,0
2024,car,BartSh00,Shemar Bartholomew,CB,0
2024,car,BlacRa00,Raheem Blackshear,RB,1
2024,car,BoonMi00,Mike Boone,RB,0
2024,car,BrooJo02,Jonathon Brooks,RB,0
2024,car,BrowDe05,Derrick Brown,DE,0
2024,car,CastTa00,Tariq Castro-Fields,CB,0
2024,car,CherCl00,Claudin Cherelus,LB,1
2024,car,ChisDa00,Dan Chisena,WR,0
2024,car,ChriBr00,Brady Christensen,G,3
2024,car,ClowJa00,Jadeveon Clowney,ROLB,5
2024,car,CokeJa01,Jalen Coker,WR,4
2024,car,CorbAu00,Austin Corbett,C,2
2024,car,CrumJa00,Jaden Crumedy,DT,0
2024,car,DaltAn00,Andy Dalton,QB,1
2024,car,DysoKe01,Kenny Dyson,OLB,0
2024,car,EkwoIk00,Ikem Ekwonu,LT,7
2024,car,EvanAk00,Akayleb Evans,CB,0
2024,car,FarlCa00,Caleb Farley,CB,1
2024,car,FranSa00,Sam Franklin,S,0
2024,car,FranFe00,Feleipe Franks,TE,0
2024,car,FullJo01,Jordan Fuller,SS,2
2024,car,GillCa00,Cam Gill,OLB,1
2024,car,HarrCh03,Charles Harris,OLB,2
2024,car,HarrJo05,Jonathan Harris,DE,1
2024,car,HaynMa01,Marquis Haynes,OLB,0
2024,car,HekkJo00,Johnny Hekker,P,3
2024,car,HillTr01,Troy Hill,CB,1
2024,car,HornJa00,Jaycee Horn,LCB,6
2024,car,HubbCh01,Chuba Hubbard,RB,9
2024,car,HuntRo01,Robert Hunt,RG,8
2024,car,IncoTh00,Thomas Incoom,OLB,0
2024,car,JackDa02,Dane Jackson,CB,1
2024,car,JackMi01,Michael Jackson,RCB,5
2024,car,JackTa02,Tarron Jackson,OLB,0
2024,car,JansJ.00,J.J. Jansen,LS,1
2024,car,JeweJo00,Josey Jewell,RILB,5
2024,car,JohnDi01,Diontae Johnson,WR,3
2024,car,JohnDJ00,DJ Johnson,OLB,1
2024,car,JohnLo01,Lonnie Johnson Jr.,S,1
2024,car,JoneVe00,Velus Jones Jr.,WR,0
2024,car,KingJa02,Jarrett Kingston,G,0
2024,car,LawsSh00,Shaq Lawson,OLB,0
2024,car,LegeXa00,Xavier Legette,WR,5
2024,car,LeotEk00,Eku Leota,OLB,0
2024,car,LewiDa05,Damien Lewis,LG,6
2024,car,MattJo00,Jordan Matthews,TE,0
2024,car,MaysCa00,Cade Mays,C,3
2024,car,MingJo00,Jonathan Mingo,WR,1
2024,car,MoorDa03,David Moore,WR,3
2024,car,MotoTa00,Taylor Moton,RT,7
2024,car,NijmYo01,Yosh Nijman,T,2
2024,car,PeevJa00,Jayden Peevy,DT,0
2024,car,PineEd00,Eddy Piñeiro,K,3
2024,car,QuarSh00,Shaquille Quarterman,LB,0
2024,car,RayxLa02,LaBryan Ray,LDE,3
2024,car,RaymAn00,Andrew Raym,C,0
2024,car,RhatJo00,Jon Rhattigan,LB,1
2024,car,RichDe03,Demani Richardson,S,2
2024,car,RobeSa00,Sam Roberts,DT,0
2024,car,RobiAS00,A'Shawn Robinson,RDE,5
2024,car,RobiJa03,Jammie Robinson,S,0
2024,car,SandJa01,Ja'Tavion Sanders,TE,3
2024,car,SandMi01,Miles Sanders,RB,3
2024,car,ScotNi01,Nick Scott,S,1
2024,car,SherJa01,Jamie Sheriff,DE,0
2024,car,SmitTJ00,T.J. Smith,DT,0
2024,car,SmitCh05,Chau Smith-Wade,CB,2
2024,car,SullSt00,Stephen Sullivan,TE,0
2024,car,ThieAd00,Adam Thielen,WR,6
2024,car,ThomIa00,Ian Thomas,TE,0
2024,car,ThomDe07,Deven Thompkins,WR,0
2024,car,ThomSh01,Shaq Thompson,LB,1
2024,car,ThurNi00,Nick Thurman,DT,2
2024,car,TremTo00,Tommy Tremble,TE,2
2024,car,TuttSh00,Shy Tuttle,NT,5
2024,car,WallTr00,Trevin Wallace,LILB,3
2024,car,WaltBr01,Brandon Walton,OT,0
2024,car,WillDe04,DeShawn Williams,DT,1
2024,car,WindJa00,Jacoby Windmon,LB,1
2024,car,WonnDJ00,D.J. Wonnum,LOLB,3
2024,car,WoodXa00,Xavier Woods,FS,5
2024,car,WootCh00,Chandler Wooten,LB,1
2024,car,YeasRu00,Russ Yeast,S,0
2024,car,YounBr01,Bryce Young,QB,8
2024,car,ZavaCh00,Chandler Zavala,G,2
2024,dal,AngeBr00,Bryan Anger,P,3
2024,dal,AubrBr00,Brandon Aubrey,K,5
2024,dal,BassTJ00,T.J. Bass,G,2
2024,dal,BeebCo00,Cooper Beebe,C,5
2024,dal,BellMa01,Markquese Bell,S,0
2024,dal,BlanDa00,DaRon Bland,CB,2
2024,dal,BootAn00,Andrew Booth,CB,1
2024,dal,BrooJa03,Jalen Brooks,WR,1
2024,dal,ButlJo00,Josh Butler,CB,1
2024,dal,CarsCa01,Caelen Carson,CB,1
2024,dal,ClarDa02,Damone Clark,LB,2
2024,dal,CookDa01,Dalvin Cook,RB,0
2024,dal,CookBr00,Brandin Cooks,WR,2
2024,dal,DiggTr00,Trevon Diggs,RCB,4
2024,dal,DowdRi01,Rico Dowdle,RB,8
2024,dal,EdogCh00,Chuma Edoga,G,1
2024,dal,ElliEz00,Ezekiel Elliott,RB,2
2024,dal,FantPr00,Princeton Fant,TE,0
2024,dal,FergJa00,Jake Ferguson,TE,4
2024,dal,FlouRy00,Ryan Flournoy,WR,1
2024,dal,GolsCh00,Chauncey Golston,RDE,6
2024,dal,GoodC.00,C.J. Goodwin,CB,1
2024,dal,GuytTy00,Tyler Guyton,LT,4
2024,dal,HallKe01,Kemon Hall,CB,0
2024,dal,HarrDa07,Darius Harris,LB,0
2024,dal,HenrKJ00,K.J. Henry,DE,0
2024,dal,HoffBr00,Brock Hoffman,C,3
2024,dal,HookMa00,Malik Hooker,SS,5
2024,dal,JohnBu01,Buddy Johnson,LB,1
2024,dal,JoseLi99,Linval Joseph,DT,1
2024,dal,KendEr00,Eric Kendricks,MLB,7
2024,dal,KneeMa00,Marshawn Kneeland,DE,1
2024,dal,LambCe00,CeeDee Lamb,WR,9
2024,dal,LancTr00,Trey Lance,QB,1
2024,dal,LawrDe00,DeMarcus Lawrence,DE,2
2024,dal,LawsCa00,Carl Lawson,DE,2
2024,dal,LewiJo01,Jourdan Lewis,LCB,4
2024,dal,LiufMa00,Marist Liufau,LB,4
2024,dal,LuepHu00,Hunter Luepke,RB,1
2024,dal,MartZa00,Zack Martin,RG,3
2024,dal,MingJo00,Jonathan Mingo,WR,0
2024,dal,MoreJa01,Jalen Moreno-Cropper,WR,0
2024,dal,MukuIs00,Israel Mukuamu,S,1
2024,dal,OdigOs00,Osa Odighizuwa,LDT,7
2024,dal,OruwAm00,Amani Oruwariye,CB,1
2024,dal,OverDe00,DeMarvion Overshown,RLB,6
2024,dal,ParsMi00,Micah Parsons,LLB,8
2024,dal,PhilJo01,Jordan Phillips,DT,0
2024,dal,PresDa01,Dak Prescott,QB,5
2024,dal,PridTr00,Troy Pride Jr.,CB,0
2024,dal,RichAs00,Asim Richards,OL,1
2024,dal,RushCo00,Cooper Rush,QB,4
2024,dal,SchoLu00,Luke Schoonmaker,TE,2
2024,dal,ShepDa01,Dakoda Shepley,T,0
2024,dal,SiegTr00,Trent Sieg,LS,1
2024,dal,SmitMa06,Mazi Smith,RDT,7
2024,dal,SmitTy02,Tyler Smith,LG,7
2024,dal,SpanBr00,Brevyn Spann-Ford,TE,1
2024,dal,SteeTe01,Terence Steele,RT,7
2024,dal,ThomJu03,Juanyeh Thomas,S,2
2024,dal,TolbJa00,Jalen Tolbert,WR,4
2024,dal,TurpKa00,KaVontae Turpin,WR,6
2024,dal,VaugDe00,Deuce Vaughn,RB,0
2024,dal,VigiNi00,Nick Vigil,LB,1
2024,dal,WaleMa00,Matt Waletzko,OT,0
2024,dal,WatkCa00,Carlos Watkins,DE,1
2024,dal,WheaTy02,Tyrus Wheat,DE,1
2024,dal,WilsDo01,Donovan Wilson,FS,6
2024,phi,BarkSa00,Saquon Barkley,RB,18
2024,phi,BaunZa00,Zack Baun,LLB,18
2024,phi,BectMe00,Mekhi Becton,RG,7
2024,phi,BlanRe00,Reed Blankenship,FS,7
2024,phi,BlasKh00,Khari Blasingame,FB,0
2024,phi,BookTh00,Thomas Booker,DT,2
2024,phi,BrowAJ00,A.J. Brown,WR,12
2024,phi,BrowSy00,Sydney Brown,S,1
2024,phi,BurkOr00,Oren Burks,LB,2
2024,phi,CalcGr00,Grant Calcaterra,TE,3
2024,phi,CampPa00,Parris Campbell,WR,0
2024,phi,CartJa05,Jalen Carter,LDT,14
2024,phi,CoveBr00,Britain Covey,WR,0
2024,phi,DaviJo03,Jordan Davis,RDT,8
2024,phi,DaviTy03,Tyrion Davis-Price,RB,0
2024,phi,DeanNa00,Nakobe Dean,MLB,8
2024,phi,DeJeCo00,Cooper DeJean,DB,5
2024,phi,DickLa00,Landon Dickerson,LG,9
2024,phi,DotsJa00,Jahan Dotson,WR,3
2024,phi,DrisJa00,Jack Driscoll,OL,1
2024,phi,ElliJa03,Jake Elliott,K,2
2024,phi,GainKe00,Kenneth Gainwell,RB,3
2024,phi,GantDa00,Dallas Gant,LB,0
2024,phi,GardCh00,C.J. Gardner-Johnson,SS,8
2024,phi,GateNi00,Nick Gates,OL,1
2024,phi,GoedDa00,Dallas Goedert,TE,6
2024,phi,GrahBr99,Brandon Graham,DE,2
2024,phi,HarrCh03,Charles Harris,DE,0
2024,phi,HuffBr00,Bryce Huff,DE,4
2024,phi,HuntJa02,Jalyx Hunt,OLB,2
2024,phi,HurtJa00,Jalen Hurts,QB,16
2024,phi,JenkEJ00,E.J. Jenkins,TE,0
2024,phi,JohnFr01,Fred Johnson,T,4
2024,phi,JohnLa01,Lane Johnson,RT,12
2024,phi,JohnPa02,Patrick Johnson,OLB,0
2024,phi,JurgCa01,Cam Jurgens,C,9
2024,phi,KeegTr00,Trevor Keegan,G,0
2024,phi,KinnDa00,Darian Kinnard,G,0
2024,phi,LovaRi00,Rick Lovato,LS,1
2024,phi,MaddAv00,Avonte Maddox,CB,2
2024,phi,MailJo00,Jordan Mailata,LT,10
2024,phi,MannBr01,Braden Mann,P,3
2024,phi,MathOc00,Ochaun Mathis,OLB,0
2024,phi,McCoTr00,Tristin McCollum,S,2
2024,phi,McKeTa01,Tanner McKee,QB,1
2024,phi,MitcQu00,Quinyon Mitchell,LCB,6
2024,phi,MorrNi00,Nicholas Morrow,LB,0
2024,phi,OjomMo00,Moro Ojomo,DT,2
2024,phi,PickKe00,Kenny Pickett,QB,1
2024,phi,RickEl00,Eli Ricks,CB,0
2024,phi,RingKe00,Kelee Ringo,CB,2
2024,phi,RodgIs00,Isaiah Rodgers,CB,2
2024,phi,RossJo00,John Ross,WR,0
2024,phi,SamxAn00,Andre' Sam,S,0
2024,phi,ShipWi00,Will Shipley,RB,1
2024,phi,SlayDa00,Darius Slay,RCB,6
2024,phi,SmitAi00,Ainias Smith,WR,1
2024,phi,SmitDe07,DeVonta Smith,WR,9
2024,phi,SmitNo02,Nolan Smith,LOLB,6
2024,phi,SteeTy00,Tyler Steen,OL,2
2024,phi,StolJa00,Jack Stoll,TE,0
2024,phi,SweaJo00,Josh Sweat,RLB,8
2024,phi,TothBr00,Brett Toth,OL,0
2024,phi,TrotJe01,Jeremiah Trotter Jr.,LB,2
2024,phi,UzomC.00,C.J. Uzomah,TE,0
2024,phi,VanSBe00,Ben VanSumeren,LB,1
2024,phi,WillMi08,Milton Williams,DT,5
2024,phi,WilsJo03,Johnny Wilson,WR,0
2024,was,AlleNi00,Nick Allegretti,LG,9
2024,was,AlleJo01,Jonathan Allen,DT,3
2024,was,ArmsDo00,Dorance Armstrong Jr.,RDE,6
2024,was,BateJo00,John Bates,TE,1
2024,was,BellNi01,Nick Bellore,LB,1
2024,was,BiadTy00,Tyler Biadasz,C,8
2024,was,BrowDy00,Dyami Brown,WR,3
2024,was,BrowNo00,Noah Brown,WR,5
2024,was,ButlPe00,Percy Butler,S,2
2024,was,ChinJe00,Jeremy Chinn,FS,6
2024,was,ColeBr02,Brandon Coleman,LT,8
2024,was,CosmSa00,Samuel Cosmi,RG,9
2024,was,CrowJa00,Jamison Crowder,WR,1
2024,was,DaniJa02,Jayden Daniels,QB,20
2024,was,DaviCa01,Carl Davis,DE,0
2024,was,DaviJa11,Jamin Davis,DE,0
2024,was,DaviMi03,Michael Davis,CB,1
2024,was,DayxSh00,Sheldon Day,DT,1
2024,was,DeitMi00,Michael Deiter,G,2
2024,was,DrisJe00,Jeff Driskel,QB,0
2024,was,EkelAu00,Austin Ekeler,RB,7
2024,was,ErtzZa00,Zach Ertz,TE,7
2024,was,FerrCl00,Clelin Ferrell,LDE,4
2024,was,ForbEm00,Emmanuel Forbes,CB,1
2024,was,ForrDa00,Darrick Forrest,S,1
2024,was,FowlDa00,Dante Fowler,LLB,5
2024,was,GonzZa00,Zane Gonzalez,K,1
2024,was,HampDo00,Dominique Hampton,S,0
2024,was,HolmJa01,Jalyn Holmes,DT,1
2024,was,IgbiNo00,Noah Igbinoghene,CB,3
2024,was,JeanJa00,Javontae Jean-Baptiste,DE,1
2024,was,JoneAn02,Andre Jones,DE,0
2024,was,JoseGr00,Greg Joseph,K,0
2024,was,LattMa01,Marshon Lattimore,CB,1
2024,was,LucaCo01,Cornelius Lucas,T,5
2024,was,LuvuFr00,Frankie Luvu,RLB,13
2024,was,MageJo00,Jordan Magee,LB,1
2024,was,MariMa01,Marcus Mariota,QB,2
2024,was,MartJa04,Quan Martin,SS,5
2024,was,MathPh00,Phidarian Mathis,DT,1
2024,was,McCaLu00,Luke McCaffrey,WR,2
2024,was,McLaTe00,Terry McLaurin,WR,12
2024,was,McNiJe00,Jeremy McNichols,RB,2
2024,was,MoorCh00,Chris Moore,WR,0
2024,was,NewtJe00,Jer'Zhan Newton,LDT,5
2024,was,ObadEf00,Efe Obada,DE,0
2024,was,OsboKJ00,K.J. Osborn,WR,0
2024,was,OttxTy00,Tyler Ott,LS,1
2024,was,OwenTy00,Tyler Owens,S,1
2024,was,PaulCh00,Chris Paul,G,1
2024,was,PaynDa00,Daron Payne,RDT,7
2024,was,PricBo00,Bobby Price,CB,0
2024,was,ReavJe00,Jeremy Reaves,S,1
2024,was,RobiBr01,Brian Robinson Jr.,RB,7
2024,was,RodrCh00,Chris Rodriguez,RB,1
2024,was,SainMi00,Mike Sainristil,RCB,5
2024,was,ScotTr01,Trenton Scott,T,2
2024,was,SeibAu00,Austin Seibert,K,2
2024,was,SeymKe00,Kevon Seymour,CB,0
2024,was,SinnBe00,Ben Sinnott,TE,0
2024,was,StJuBe00,Benjamin St-Juste,LCB,4
2024,was,TremBr00,Brycen Tremayne,WR,0
2024,was,WagnBo00,Bobby Wagner,MLB,13
2024,was,WalkMy00,Mykal Walker,OLB,2
2024,was,WatkCa00,Carlos Watkins,DE,0
2024,was,WayxTr00,Tress Way,P,2
2024,was,WyliAn00,Andrew Wylie,RT,7
2024,was,YankCo00,Colson Yankoff,TE,0
2024,was,YorkCa00,Cade York,K,0
2024,was,ZaccOl01,Olamide Zaccheaus,WR,6
2024,nyg,AdamMa00,Matthew Adams,LB,1
2024,nyg,BankDe00,Deonte Banks,RCB,5
2024,nyg,BashCa00,Boogie Basham,OLB,0
2024,nyg,BellDa00,Daniel Bellinger,TE,1
2024,nyg,BeltDa00,Dane Belton,S,3
2024,nyg,BoltCu00,Curtis Bolton,LB,0
2024,nyg,BoylTi00,Tim Boyle,QB,0
2024,nyg,BurnBr00,Brian Burns,LOLB,8
2024,nyg,ChatEl00,Elijah Chatman,DT,3
2024,nyg,CougCa00,Carter Coughlin,LB,0
2024,nyg,DaviDJ00,D.J. Davidson,DL,2
2024,nyg,DeViTo00,Tommy DeVito,QB,1
2024,nyg,DulcGr00,Greg Dulcich,TE,0
2024,nyg,DurdCo00,Cory Durden,NT,0
2024,nyg,ElueJe00,Jermaine Eluemunor,RT,5
2024,nyg,EzeuJo00,Joshua Ezeudu,OL,2
2024,nyg,FlotCo00,Cordale Flott,LCB,4
2024,nyg,FordBr00,Bryce Ford-Wheaton,WR,0
2024,nyg,FoxxTo00,Tomon Fox,OLB,1
2024,nyg,GanoGr44,Graham Gano,K,1
2024,nyg,GarcEl00,Elijah Garcia,DL,2
2024,nyg,GillJa00,Jamie Gillan,P,2
2024,nyg,GrayEr01,Eric Gray,RB,1
2024,nyg,GreeAr01,Art Green,CB,1
2024,nyg,HaacMa00,Matt Haack,P,1
2024,nyg,HawkTr00,Tre Hawkins,CB,1
2024,nyg,HodgIs00,Isaiah Hodgins,WR,0
2024,nyg,HubbCh00,Chris Hubbard,OT,1
2024,nyg,HyatJa00,Jalin Hyatt,WR,0
2024,nyg,JackAd00,Adoree' Jackson,CB,3
2024,nyg,JohnAn08,Anthony Johnson,S,1
2024,nyg,JohnDy00,Dyontae Johnson,LB,0
2024,nyg,JohnJa12,Jakob Johnson,FB,0
2024,nyg,JohnPa02,Patrick Johnson,OLB,1
2024,nyg,JohnTh00,Theo Johnson,TE,2
2024,nyg,JoneDa05,Daniel Jones,QB,5
2024,nyg,JoseGr00,Greg Joseph,K,1
2024,nyg,KreiCa00,Casey Kreiter,LS,1
2024,nyg,KubaJa00,Jake Kubas,G,1
2024,nyg,LawrDe03,Dexter Lawrence,LDT,9
2024,nyg,LaynRa00,Raheem Layne,S,0
2024,nyg,LockDr00,Drew Lock,QB,1
2024,nyg,ManhCh00,Chris Manhertz,TE,0
2024,nyg,McAtJu00,Jude McAtamney,K,0
2024,nyg,McClNi00,Nick McCloud,CB,2
2024,nyg,McFaMi01,Micah McFadden,RILB,7
2024,nyg,MileJo00,Joshua Miles,T,0
2024,nyg,MillDa04,Dante Miller,RB,0
2024,nyg,MuasDa00,Darius Muasau,LB,4
2024,nyg,NabeMa00,Malik Nabers,WR,9
2024,nyg,NealEv00,Evan Neal,T,3
2024,nyg,NubiTy00,Tyler Nubin,FS,5
2024,nyg,NuneRa00,Rakeem Nunez-Roches,LDE,7
2024,nyg,OjulAz00,Azeez Ojulari,OLB,3
2024,nyg,OkerBo00,Bobby Okereke,LILB,6
2024,nyg,PhilAn02,Andru Phillips,CB,3
2024,nyg,PhilTy00,Tyre Phillips,T,0
2024,nyg,PinnJa01,Jason Pinnock,SS,6
2024,nyg,RileJo00,Jordon Riley,DL,3
2024,nyg,RobiWa01,Wan'Dale Robinson,WR,5
2024,nyg,RogeCa00,Casey Rogers,DL,0
2024,nyg,RunyJo00,Jon Runyan Jr.,LG,4
2024,nyg,SchlAu00,Austin Schlottmann,OL,0
2024,nyg,MichJo00,John Michael Schmitz,C,5
2024,nyg,ShelDu00,Duke Shelley,CB,0
2024,nyg,SimmIs00,Isaiah Simmons,S,1
2024,nyg,SingDe00,Devin Singletary,RB,3
2024,nyg,SlayDa01,Darius Slayton,WR,4
2024,nyg,SmitIh00,Ihmir Smith-Marsette,WR,1
2024,nyg,StinAa00,Aaron Stinnie,G,2
2024,nyg,StroGr00,Greg Stroman,CB,1
2024,nyg,SummTy00,Ty Summers,LB,2
2024,nyg,ThibKa00,Kayvon Thibodeaux,ROLB,6
2024,nyg,ThomAn02,Andrew Thomas,LT,2
2024,nyg,TracTy00,Tyrone Tracy Jr.,RB,6
2024,nyg,VanRGr00,Greg Van Roten,RG,5
2024,nyg,WattAr01,Armon Watts,DT,0
2024,nyg,WhitBe00,Benton Whitley,OLB,0
2024,nyg,WillDe11,Dee Williams,DB,0
2024,nyg,WilsDi00,Divaad Wilson,CB,0
2024,crd,AdamIs01,Isaiah Adams,OL,3
2024,crd,BailMa01,Markus Bailey,LB,0
2024,crd,BakeBu00,Budda Baker,FS,9
2024,crd,BarnKr00,Krys Barnes,LB,1
2024,crd,BartJa00,Jackson Barton,OL,1
2024,crd,BeacKe00,Kelvin Beachum,RT,6
2024,crd,BensTr01,Trey Benson,RB,2
2024,crd,BlacAn00,Angelo Blackson,DL,0
2024,crd,BlouJo00,Joey Blount,S,1
2024,crd,BrewAa00,Aaron Brewer,LS,1
2024,crd,BrowEv00,Evan Brown,LG,8
2024,crd,BrowBa01,Baron Browning,OLB,1
2024,crd,CartMi03,Michael Carter,RB,1
2024,crd,ChacAn00,Andre Chachere,S,0
2024,crd,ClarKe02,Kei'Trel Clark,CB,1
2024,crd,CollLJ00,L.J. Collier,LDE,7
2024,crd,CollZa00,Zaven Collins,LOLB,7
2024,crd,ColoTr01,Trystan Colon,RG,4
2024,crd,ConnJa00,James Conner,RB,11
2024,crd,DallDe00,DeeJay Dallas,RB,1
2024,crd,DemeEm00,Emari Demercado,RB,2
2024,crd,DimuVi00,Victor Dimukeje,OLB,1
2024,crd,DortGr01,Greg Dortch,WR,3
2024,crd,EiflMi00,Milo Eifler,LB,0
2024,crd,FrohHj00,Hjalte Froholdt,C,8
2024,crd,GainJo00,Jon Gaines,OL,1
2024,crd,GardDe01,Dennis Gardeck,OLB,2
2024,crd,GillBl00,Blake Gillikin,P,2
2024,crd,HallDa03,Darren Hall,CB,0
2024,crd,HarrMa09,Marvin Harrison Jr.,WR,8
2024,crd,HeckCh00,Charlie Heck,OL,1
2024,crd,HernWi00,Will Hernandez,OL,2
2024,crd,HiggEl00,Elijah Higgins,TE,2
2024,crd,JohnPa03,Paris Johnson,LT,7
2024,crd,JoneCh12,Christian Jones,OL,1
2024,crd,JoneJu03,Justin Jones,DL,1
2024,crd,JoneNa01,Naquan Jones,DT,1
2024,crd,JoneTo04,Tony Jones,RB,0
2024,crd,JoneZa00,Zay Jones,WR,1
2024,crd,LeveNi00,Nick Leverett,OL,0
2024,crd,LopeRo00,Roy Lopez,NT,7
2024,crd,LukeJe00,Jesse Luketa,OLB,2
2024,crd,McBrTr01,Trey McBride,TE,11
2024,crd,MeltMa00,Max Melton,CB,2
2024,crd,MoorCh00,Chris Moore,WR,0
2024,crd,BuntSe00,Sean Murphy-Bunting,CB,5
2024,crd,MurrKy00,Kyler Murray,QB,15
2024,crd,NichBi00,Bilal Nichols,DL,2
2024,crd,OkwaJu00,Julian Okwara,OLB,1
2024,crd,PalaMi00,Michael Palardy,P,0
2024,crd,PappOw00,Owen Pappoe,LB,1
2024,crd,PascZa00,Zach Pascal,WR,0
2024,crd,PratMa20,Matt Prater,K,1
2024,crd,ReimTi00,Tip Reiman,TE,0
2024,crd,RobiDa01,Darius Robinson,DL,0
2024,crd,RylaCh00,Chad Ryland,K,3
2024,crd,StilBe00,Ben Stille,DL,0
2024,crd,StilDa01,Dante Stills,DT,5
2024,crd,TaylDa02,Dadrion Taylor-Demerson,S,1
2024,crd,ThomSt01,Starling Thomas,RCB,5
2024,crd,ThomXa01,Xavier Thomas,OLB,1
2024,crd,ThomJa04,Jalen Thompson,SS,5
2024,crd,TongKh00,Khyiris Tonga,DL,1
2024,crd,TuneCl00,Clayton Tune,QB,0
2024,crd,VokoTr00,Travis Vokolek,TE,0
2024,crd,WeavXa00,Xavier Weaver,WR,0
2024,crd,WhitKy00,Kyzir White,RILB,8
2024,crd,WillGa00,Garrett Williams,LCB,4
2024,crd,WillJo10,Jonah Williams,OL,3
2024,crd,WilsDi00,Divaad Wilson,CB,0
2024,crd,WilsMa03,Mack Wilson,LILB,7
2024,crd,WilsMi02,Michael Wilson,WR,5
2024,ram,AlleDa02,Davis Allen,TE,0
2024,ram,ArcuAJ00,AJ Arcuri,OL,0
2024,ram,AtweTu00,Tutu Atwell,WR,5
2024,ram,AvilSt00,Steve Avila,LG,5
2024,ram,BrowBo04,Bobby Brown,NT,7
2024,ram,BrusLo00,Logan Bruss,OL,2
2024,ram,ChriGe01,Geron Christian,OL,0
2024,ram,CoruBl00,Blake Corum,RB,2
2024,ram,CurlKa00,Kamren Curl,FS,6
2024,ram,DaviTy05,Tyler Davis,DL,1
2024,ram,DediJu00,Justin Dedich,OL,2
2024,ram,DotsKe00,Kevin Dotson,RG,8
2024,ram,DuraDe01,Cobie Durant,RCB,5
2024,ram,EvanEt00,Ethan Evans,P,2
2024,ram,FiskBr00,Braden Fiske,RDE,5
2024,ram,ForbEm00,Emmanuel Forbes,CB,0
2024,ram,GallNe00,Neville Gallimore,NT,2
2024,ram,GaroJi00,Jimmy Garoppolo,QB,1
2024,ram,HampNi00,Nick Hampton,OLB,1
2024,ram,HaveRo00,Rob Havenstein,RT,5
2024,ram,HigbTy00,Tyler Higbee,TE,1
2024,ram,HoecMi00,Michael Hoecht,OLB,3
2024,ram,HummJa00,Jake Hummel,LB,2
2024,ram,JackAl01,Alaric Jackson,LT,7
2024,ram,JackBr02,Brennan Jackson,OLB,1
2024,ram,JackJo03,Jonah Jackson,G,2
2024,ram,JohnDe08,Desjuan Johnson,DE,1
2024,ram,JohnJo10,John Johnson,S,1
2024,ram,JohnTy00,Tyler Johnson,WR,3
2024,ram,KaliNi00,Nikola Kalinic,TE,0
2024,ram,KartJo00,Joshua Karty,K,2
2024,ram,KincKa00,Kamren Kinchens,DB,3
2024,ram,KuppCo00,Cooper Kupp,WR,6
2024,ram,LakeQu00,Quentin Lake,SS,5
2024,ram,LampCa00,Cam Lampkin,DB,0
2024,ram,LimmBe00,Beaux Limmer,C,7
2024,ram,LongHu00,Hunter Long,TE,1
2024,ram,McClWa00,Warren McClendon,OL,3
2024,ram,McCoJa02,Jaylen McCollough,DB,2
2024,ram,McMaDy00,Dylan McMahon,OL,0
2024,ram,NacuPu00,Puka Nacua,WR,9
2024,ram,NealEl00,Elias Neal,LB,0
2024,ram,NoteJo00,Joseph Noteboom,OL,2
2024,ram,ParkCo02,Colby Parkinson,TE,3
2024,ram,ReedTr01,Troy Reeder,LB,3
2024,ram,RiveRo01,Ronnie Rivers,RB,1
2024,ram,RobiDe01,Demarcus Robinson,WR,4
2024,ram,RozeCh00,Christian Rozeboom,RLB,5
2024,ram,SchrCo00,Cody Schrader,RB,0
2024,ram,SmitXa00,Xavier Smith,WR,0
2024,ram,SpeiOm00,Omar Speights,LILB,5
2024,ram,StafMa00,Matthew Stafford,QB,12
2024,ram,ThomKe04,Keir Thomas,OLB,0
2024,ram,TurnKo00,Kobie Turner,LDE,8
2024,ram,VersJa00,Jared Verse,ROLB,10
2024,ram,WallJo00,Josh Wallace,DB,2
2024,ram,WardAl00,Alex Ward,LS,1
2024,ram,WhitTr01,Tre'Davious White,DB,1
2024,ram,WhitJo04,Jordan Whittington,WR,3
2024,ram,WillDa09,Darious Williams,LCB,4
2024,ram,WillJo16,Jonah Williams,DE,0
2024,ram,WillKy02,Kyren Williams,RB,9
2024,ram,WithAh00,Ahkello Witherspoon,CB,2
2024,ram,WoodCh01,Charles Woods,CB,1
2024,ram,YeasRu00,Russ Yeast,DB,0
2024,ram,YounBy01,Byron Young,LOLB,7
2024,ram,ZentTy00,Ty Zentner,P,0
2024,sfo,AiyuBr00,Brandon Aiyuk,WR,3
2024,sfo,AlleBr00,Brandon Allen,QB,1
2024,sfo,AmosAd00,Adrian Amos,S,0
2024,sfo,AndeEv00,Evan Anderson,DL,1
2024,sfo,BankAa00,Aaron Banks,LG,6
2024,sfo,BarrAl00,Alex Barrett,DL,0
2024,sfo,BartBe00,Ben Bartch,OL,1
2024,sfo,BealRo00,Robert Beal,DL,1
2024,sfo,BellRo01,Ronnie Bell,WR,0
2024,sfo,BethTa00,Tatum Bethune,LB,1
2024,sfo,BosaNi00,Nick Bosa,LDE,8
2024,sfo,BrenJa01,Jake Brendel,C,7
2024,sfo,BrowJi01,Ji'Ayir Brown,FS,4
2024,sfo,BurfSp00,Spencer Burford,OL,1
2024,sfo,CampDe00,De'Vondre Campbell,LLB,4
2024,sfo,CarlAn00,Anders Carlson,K,1
2024,sfo,CollMa00,Maliek Collins,LDT,6
2024,sfo,ConlCh00,Chris Conley,WR,1
2024,sfo,CowiJa00,Jacob Cowing,WR,1
2024,sfo,DaviKa01,Kalia Davis,DL,1
2024,sfo,DaviKh00,Khalil Davis,DT,0
2024,sfo,DobbJo00,Joshua Dobbs,QB,1
2024,sfo,ElliJo02,Jordan Elliott,RDT,4
2024,sfo,FlanDe00,Demetrius Flannigan-Fowles,LB,2
2024,sfo,FloyLe00,Leonard Floyd,RDE,6
2024,sfo,GipsTa00,Tashaun Gipson,S,0
2024,sfo,GiveKe01,Kevin Givens,DL,1
2024,sfo,GrahJa02,Jalen Graham,LB,0
2024,sfo,GreeRe00,Renardo Green,CB,3
2024,sfo,GreeDr00,Dre Greenlaw,LB,1
2024,sfo,GrosYe00,Yetur Gross-Matos,DL,1
2024,sfo,GuerIs00,Isaac Guerendo,RB,4
2024,sfo,GutiSe00,Sebastian Gutierrez,T,0
2024,sfo,HargJa00,Javon Hargrave,DL,1
2024,sfo,HeckCh00,Charlie Heck,OL,1
2024,sfo,HennMa00,Matt Hennessy,OL,0
2024,sfo,HufaTa00,Talanoa Hufanga,S,2
2024,sfo,JennJa00,Jauan Jennings,WR,8
2024,sfo,JuszKy00,Kyle Juszczyk,FB,2
2024,sfo,KittGe00,George Kittle,TE,9
2024,sfo,LenoDe00,Deommodore Lenoir,RLB,5
2024,sfo,LuteDa00,Darrell Luter,CB,0
2024,sfo,MahoJa00,Jaylen Mahoney,S,0
2024,sfo,MasoJo00,Jordan Mason,RB,5
2024,sfo,McCaCh01,Christian McCaffrey,RB,2
2024,sfo,McClNi00,Nick McCloud,CB,0
2024,sfo,McGiT.00,T.Y. McGill,DL,0
2024,sfo,McKiCo00,Colton McKivitz,RT,7
2024,sfo,MoodJa00,Jake Moody,K,0
2024,sfo,MoorJa04,Jaylon Moore,OL,3
2024,sfo,MustMa00,Malik Mustapha,SS,4
2024,sfo,ODonPa00,Pat O'Donnell,P,1
2024,sfo,OdumGe00,George Odum,S,1
2024,sfo,OkuaSa00,Sam Okuayinonu,DL,2
2024,sfo,PearRi00,Ricky Pearsall,WR,3
2024,sfo,PeppTa00,Taybor Pepper,LS,1
2024,sfo,PleaAu00,Austen Pleasants,OL,0
2024,sfo,PuniDo00,Dominick Puni,RG,7
2024,sfo,PurdBr00,Brock Purdy,QB,13
2024,sfo,RobiCu00,Curtis Robinson,LB,0
2024,sfo,SamuDe00,Deebo Samuel,WR,6
2024,sfo,SaubEr00,Eric Saubert,TE,1
2024,sfo,TaylPa01,Patrick Taylor,RB,1
2024,sfo,TaylTr02,Trent Taylor,WR,0
2024,sfo,TongJa00,Jake Tonges,TE,0
2024,sfo,VaugKe00,Ke'Shawn Vaughn,RB,0
2024,sfo,WardCh01,Charvarius Ward,LCB,3
2024,sfo,WarnFr00,Fred Warner,MLB,13
2024,sfo,WhitDa05,DaShaun White,LB,0
2024,sfo,WillTr21,Trent Williams,LT,5
2024,sfo,WillBr06,Brayden Willis,TE,0
2024,sfo,WintDe00,Dee Winters,RLB,4
2024,sfo,WishMi00,Mitch Wishnowsky,P,1
2024,sfo,WrigMa00,Matthew Wright,K,0
2024,sfo,Ya-SRo00,Rock Ya-Sin,CB,1
2024,sfo,YiadIs00,Isaac Yiadom,CB,3
2024,sfo,ZakeNi00,Nick Zakelj,OL,2
2024,sea,AdamMy00,Myles Adams,DE,0
2024,sea,BakeJe00,Jerome Baker,LB,3
2024,sea,BarnAJ00,AJ Barner,TE,2
2024,sea,BlaiMa01,Marquise Blair,FS,0
2024,sea,BoboJa00,Jake Bobo,WR,1
2024,sea,BohaQu00,Quinton Bohanna,DT,0
2024,sea,BowsTy00,Tyus Bowser,OLB,1
2024,sea,BradAn00,Anthony Bradford,RG,4
2024,sea,BrowPh01,Pharaoh Brown,TE,0
2024,sea,BrowTr03,Tre Brown,CB,2
2024,sea,BryaCo01,Coby Bryant,SS,5
2024,sea,BurnAr00,Artie Burns,CB,0
2024,sea,CharZa00,Zach Charbonnet,RB,6
2024,sea,CrosCh00,Charles Cross,LT,7
2024,sea,CurtMc00,McClendon Curtis,OT,0
2024,sea,DardJa00,Jaelon Darden,WR,0
2024,sea,DickMi00,Michael Dickson,P,4
2024,sea,DodsTy01,Tyrel Dodson,LILB,5
2024,sea,FantGe00,George Fant,T,1
2024,sea,FantNo00,Noah Fant,TE,4
2024,sea,FinlAJ00,AJ Finley,S,0
2024,sea,ForsSt00,Stone Forsythe,T,2
2024,sea,GipsTr00,Trevis Gipson,LB,0
2024,sea,HallDe04,Derick Hall,RILB,9
2024,sea,HankJo00,Johnathan Hankins,DT,5
2024,sea,HaynCh00,Christian Haynes,G,1
2024,sea,HickFa00,Faion Hicks,CB,0
2024,sea,HolaGe00,George Holani,RB,0
2024,sea,HoweSa00,Sam Howell,QB,0
2024,sea,JenkRa00,Rayshawn Jenkins,SS,4
2024,sea,JerrMi00,Michael Jerrell,OT,2
2024,sea,JobeJo00,Josh Jobe,CB,3
2024,sea,JoneDr00,Dre'Mont Jones,LB,5
2024,sea,JoneEr01,Ernest Jones,LB,5
2024,sea,KnigTy00,Tyrice Knight,ROLB,6
2024,sea,LaumSa00,Sataoa Laumea,G,2
2024,sea,LockTy00,Tyler Lockett,WR,5
2024,sea,LoveJu00,Julian Love,FS,7
2024,sea,LucaAb00,Abraham Lucas,RT,3
2024,sea,MabrTy00,Tyler Mabry,TE,0
2024,sea,MafeBo00,Boye Mafe,LOLB,6
2024,sea,McInKe00,Kenny McIntosh,RB,1
2024,sea,MetcDK00,D.K. Metcalf,WR,7
2024,sea,MorrMi00,Mike Morris,DE,1
2024,sea,MurpBy01,Byron Murphy,NT,5
2024,sea,MyerJa00,Jason Myers,K,4
2024,sea,NwosUc00,Uchenna Nwosu,LB,1
2024,sea,OConPa01,Patrick O'Connell,LB,0
2024,sea,OkadTy00,Ty Okada,FS,0
2024,sea,OluwOl00,Olusegun Oluwatimi,C,3
2024,sea,PritNe00,Nehemiah Pritchett,CB,1
2024,sea,ReedJa02,Jarran Reed,RDE,5
2024,sea,ReedJe00,Jerrick Reed,FS,0
2024,sea,RobeRo00,Roy Robertson-Harris,DT,1
2024,sea,RossJo01,Josh Ross,LB,1
2024,sea,RussBr00,Brady Russell,TE,0
2024,sea,ShenLa00,Laviska Shenault Jr.,WR,1
2024,sea,SherJa01,Jamie Sheriff,LB,0
2024,sea,SmitGe00,Geno Smith,QB,12
2024,sea,SmitJa06,Jaxon Smith-Njigba,WR,9
2024,sea,StolCh00,Chris Stoll,LS,1
2024,sea,SundJa00,Jalen Sundell,C,1
2024,sea,ThomDr00,Drake Thomas,LB,1
2024,sea,TomlLa01,Laken Tomlinson,LG,6
2024,sea,WalkKe00,Kenneth Walker III,RB,5
2024,sea,WallKV00,K'Von Wallace,S,1
2024,sea,WhitCo05,Cody White,WR,0
2024,sea,WillCo00,Connor Williams,C,3
2024,sea,WillDe11,Dee Williams,CB,1
2024,sea,WillLe02,Leonard Williams,LDE,13
2024,sea,WithDe00,Devon Witherspoon,LCB,10
2024,sea,WoolTa00,Riq Woolen,RCB,6
2024,sea,YounCa00,Cameron Young,NT,0
2024,sea,YounDa02,Dareke Young,WR,0
